time_s,left_depth_m,right_depth_m,insertion_depth_m,face_gap_m,offset_y_m,offset_z_m,orientation_error_deg,blades_fit,contact_force_n,other_contact_force_n,left_contact_force_n,right_contact_force_n,contact_count,max_penetration_m,grasp_contact_force_n,grasp_penetration_m,speed_m_s,angular_speed_rad_s,valid_pose,relative_qw,relative_qx,relative_qy,relative_qz,velocity_wx_rad_s,velocity_wy_rad_s,velocity_wz_rad_s,velocity_x_m_s,velocity_y_m_s,velocity_z_m_s,target_travel_m,hold_s,holder_fx_n,holder_fy_n,holder_fz_n,holder_tx_nm,holder_ty_nm,holder_tz_nm
0.0,-0.005999999999999998,-0.005999999999999998,-0.005999999999999998,0.022,-0.0005,0.0,0.0,False,0.0,0.0,0.0,0.0,0,0.0,0.0,0.0,0.0,0.0,False,1.0,0.0,0.0,0.0,0.0,0.0,0.0,0.0,0.0,0.0,0.0,0.0,0.0,0.0,0.0,0.0,0.0,0.0
0.010000000000000005,-0.005987941569894635,-0.005987941569894635,-0.005987941569894635,0.021987941569894635,-0.0005,0.0,0.0,False,0.0,0.0,0.0,0.0,0,0.0,0.0,0.0,0.0027975815946882877,7.228014483236697e-17,False,1.0,2.981555974335137e-19,0.0,0.0,-1.1125208470712312e-55,7.228014483236697e-17,5.116478028850587e-35,0.0027975815946882877,-3.725365454585512e-37,2.891205793294685e-19,0.0001,0.0,0.011129576266072576,2.1519697096668776e-36,-1.7347234759768117e-18,1.7656761827582872e-58,-1.4456028966473394e-19,-9.313227408371573e-38
0.020000000000000014,-0.005941939998739147,-0.005941939998739147,-0.005941939998739147,0.021941939998739148,-0.0005,0.0,0.0,False,0.0,0.0,0.0,0.0,0,0.0,0.0,0.0,0.006051191590105339,7.228014483236697e-17,False,1.0,6.685913396993947e-19,0.0,0.0,-1.633883001937495e-54,7.228014483236697e-17,1.917028160701284e-34,0.006051191590105339,-5.526321592672317e-37,2.891205793294687e-19,0.0002000000000000002,0.0,0.007980587577363259,3.3237629927063326e-36,-1.7347234759768106e-18,3.156175252129965e-57,-1.4456028966473394e-19,-3.720450349705803e-37
0.030000000000000023,-0.005869968536340701,-0.005869968536340701,-0.005869968536340701,0.0218699685363407,-0.0005,0.0,0.0,False,0.0,0.0,0.0,0.0,0,0.0,0.0,0.0,0.008044108543855864,7.228014483236697e-17,False,1.0,1.0390270819652751e-18,0.0,0.0,-1.570786316132304e-54,7.228014483236697e-17,2.4020701127507824e-34,0.008044108543855864,-4.589887311960904e-37,2.891205793294686e-19,0.00030000000000000046,0.0,0.004369473245169939,2.714471418669884e-36,-1.7347234759768117e-18,3.067430651319164e-57,-1.4456028966473394e-19,-4.701782713633165e-37
0.04000000000000003,-0.005783501765481626,-0.005783501765481626,-0.005783501765481626,0.021783501765481626,-0.0005,0.0,0.0,False,0.0,0.0,0.0,0.0,0,0.0,0.0,0.0,0.009077588994994267,7.228014483236697e-17,False,1.0,1.4004278061271087e-18,0.0,0.0,-6.431414560118417e-55,7.228014483236697e-17,2.2462593810732736e-34,0.009077588994994267,-1.5844989220900572e-37,2.891205793294688e-19,0.0004000000000000007,0.0,0.0021629266930802277,7.590135073425133e-37,-1.7347234759768144e-18,1.6094211471288906e-57,-1.4456028966473394e-19,-4.426262011718038e-37
0.05000000000000004,-0.005689798303496283,-0.005689798303496283,-0.005689798303496283,0.021689798303496283,-0.0005,0.0,0.0,False,0.0,0.0,0.0,0.0,0,0.0,0.0,0.0,0.009576365575913843,7.228014483236697e-17,False,1.0,1.7708635483929885e-18,0.0,0.0,-1.0722748314257586e-54,7.228014483236697e-17,3.1902993539756907e-34,0.009576365575913843,-4.645431133366264e-37,2.891205793294686e-19,0.000500000000000001,0.0,0.001019724921987257,2.750611042206899e-36,-1.7347234759768117e-18,2.0555619695478305e-57,-1.4456028966473394e-19,-6.277574003033067e-37
0.060000000000000046,-0.005592667982025821,-0.005592667982025821,-0.005592667982025821,0.02159266798202582,-0.0005,0.0,0.0,False,0.0,0.0,0.0,0.0,0,0.0,0.0,0.0,0.00980837182558074,7.228014483236697e-17,False,1.0,2.132264272554826e-18,0.0,0.0,-2.061111413377933e-54,7.228014483236697e-17,4.266159256206588e-34,0.00980837182558074,-5.225905070401407e-37,2.891205793294685e-19,0.0006000000000000012,0.0,0.00046824380899987417,3.128296787024577e-36,-1.734723475976813e-18,4.0183128787772744e-57,-1.4456028966473394e-19,-8.422321147590535e-37
0.07000000000000005,-0.0054939602051967094,-0.0054939602051967094,-0.0054939602051967094,0.02149396020519671,-0.0005,0.0,0.0,False,0.0,0.0,0.0,0.0,0,0.0,0.0,0.0,0.00991409492279263,7.228014483236697e-17,False,1.0,2.502700014820709e-18,0.0,0.0,-9.476334395220882e-54,7.228014483236697e-17,1.0241396462195355e-33,0.00991409492279263,-2.1161274452882377e-36,2.89120579329469e-19,0.0007000000000000015,0.0,0.00021178473408564602,7.472099612252299e-36,-1.734723475976814e-18,1.5629563566370175e-56,-1.4456028966473394e-19,-1.5662962987248392e-36
0.08000000000000006,-0.005394537922409619,-0.005394537922409619,-0.005394537922409619,0.02139453792240962,-0.0005,0.0,0.0,False,0.0,0.0,0.0,0.0,0,0.0,0.0,0.0,0.009961698312580888,7.228014483236697e-17,False,1.0,2.873135757086592e-18,0.0,0.0,-8.780833939650369e-54,7.228014483236697e-17,7.420797078968962e-34,0.009961698312580888,6.454405110948996e-37,2.891205793294688e-19,0.0008000000000000018,0.0,9.493510476674821e-05,8.9934487632275e-37,-2.602085213965219e-18,2.1387213480531135e-56,-2.1684043449710093e-19,-1.890003795076411e-36
0.09000000000000007,-0.005294795076851211,-0.005294795076851211,-0.005294795076851211,0.02129479507685121,-0.0005,0.0,0.0,False,0.0,0.0,0.0,0.0,0,0.0,0.0,0.0,0.009982979397046052,7.228014483236697e-17,False,1.0,3.2435714993524753e-18,0.0,0.0,-9.295957968923836e-54,7.228014483236697e-17,1.0027669899506416e-33,0.009982979397046052,-1.502984232669407e-36,2.891205793294688e-19,0.000900000000000002,0.0,4.23262029413396e-05,1.5531790573611516e-35,-1.7347234759768144e-18,1.8123663915576548e-56,-1.4456028966473394e-19,-2.434599414598406e-36
0.10000000000000007,-0.005194909235403746,-0.005194909235403746,-0.005194909235403746,0.021194909235403746,-0.0005,0.0,0.0,False,0.0,0.0,0.0,0.0,0,0.0,0.0,0.0,0.009992451776638059,7.228014483236697e-17,False,1.0,3.614007241618355e-18,0.0,0.0,-2.6270537024010176e-54,7.228014483236697e-17,6.5504580284679605e-34,0.009992451776638059,3.35678393622346e-37,2.891205793294691e-19,0.0010000000000000022,0.0,1.8808586435367647e-05,-2.4560353994681032e-36,-1.734723475976813e-18,5.561970052220183e-57,-1.4456028966473394e-19,-1.3094014055556222e-36
0.11000000000000008,-0.005094959830098413,-0.005094959830098413,-0.005094959830098413,0.021094959830098414,-0.0005,0.0,0.0,False,0.0,0.0,0.0,0.0,0,0.0,0.0,0.0,0.00999665676968509,7.228014483236697e-17,False,1.0,3.984442983884231e-18,0.0,0.0,5.545720704342305e-54,7.228014483236697e-17,2.238134312502818e-34,0.00999665676968509,1.0005449267671654e-36,2.891205793294691e-19,0.0011000000000000025,0.0,8.341029853170534e-06,-6.781993823333287e-36,-1.734723475976813e-18,-1.0000557441787008e-56,-1.4456028966473394e-19,-4.54923047145114e-37
0.12000000000000009,-0.004994982230577177,-0.004994982230577177,-0.004994982230577177,0.020994982230577178,-0.0005,0.0,0.0,False,0.0,0.0,0.0,0.0,0,0.0,0.0,0.0,0.009998520386923643,7.228014483236697e-17,False,1.0,4.345843708046061e-18,0.0,0.0,6.898880219902129e-54,7.228014483236697e-17,2.477741628492823e-34,0.009998520386923643,-2.3290193537490094e-37,2.891205793294688e-19,0.0012000000000000027,0.0,3.6943440561432173e-06,1.2434362106241105e-36,-1.734723475976813e-18,-1.3829644922599817e-56,-1.4456028966473394e-19,-4.880283318188861e-37
0.1300000000000001,-0.004894992141958172,-0.004894992141958172,-0.004894992141958172,0.020894992141958172,-0.0005,0.0,0.0,False,0.0,0.0,0.0,0.0,0,0.0,0.0,0.0,0.009999345485594004,7.228014483236697e-17,False,1.0,4.7162794503119366e-18,0.0,0.0,1.0841640279730823e-53,7.228014483236697e-17,2.745957566824841e-34,0.009999345485594004,-1.4889033828709013e-36,2.891205793294686e-19,0.001300000000000003,0.0,1.6349963632839026e-06,9.415617800938428e-36,-1.7347234759768117e-18,-2.632819358099152e-56,-1.4456028966473394e-19,-5.265844150108632e-37
0.1400000000000001,-0.004794996525649891,-0.004794996525649891,-0.004794996525649891,0.02079499652564989,-0.0005,0.0,0.0,False,0.0,0.0,0.0,0.0,0,0.0,0.0,0.0,0.009999710559506924,7.228014483236697e-17,False,1.0,5.0867151925778124e-18,0.0,0.0,-2.404230824834321e-53,7.228014483236697e-17,2.0934959390985404e-33,0.009999710559506924,-2.6334574861611616e-36,2.891205793294692e-19,0.0014000000000000032,0.0,7.232465037906866e-07,1.6862666521045193e-35,-1.7347234759768133e-18,4.741838640904181e-56,-1.4456028966473394e-19,-4.150636382205856e-36
0.1500000000000001,-0.004694998464032693,-0.004694998464032693,-0.004694998464032693,0.020694998464032693,-0.0005,0.0,0.0,False,0.0,0.0,0.0,0.0,0,0.0,0.0,0.0,0.009999872027117825,7.228014483236697e-17,False,1.0,5.4752209710517804e-18,0.0,0.0,-1.1974431262451755e-53,7.228014483236697e-17,1.3155068799993581e-33,0.009999872027117825,1.3910909138631206e-36,2.891205793294692e-19,0.0015000000000000035,0.0,3.1983463445739435e-07,9.427171300036998e-37,-2.6020852139652214e-18,2.7279178778201694e-56,-2.1684043449710093e-19,-3.4129362596915146e-36
0.16000000000000011,-0.004594999321017267,-0.004594999321017267,-0.004594999321017267,0.020594999321017268,-0.0005,0.0,0.0,False,0.0,0.0,0.0,0.0,0,0.0,0.0,0.0,0.009999943424815359,7.228014483236697e-17,False,1.0,5.845656713317656e-18,0.0,0.0,2.3916171430894875e-53,7.228014483236697e-17,-7.655759840185683e-34,0.009999943424815359,3.94360500996023e-36,2.8912057932946947e-19,0.0016000000000000038,0.0,1.414111242964422e-07,-1.388192213998462e-35,-1.7347234759768156e-18,-4.091514912100159e-56,-1.4456028966473394e-19,5.848203655449048e-37
0.17000000000000012,-0.004494999699865578,-0.004494999699865578,-0.004494999699865578,0.02049499969986558,-0.0005,0.0,0.0,False,0.0,0.0,0.0,0.0,0,0.0,0.0,0.0,0.009999974990643975,7.228014483236697e-17,False,1.0,6.207057437479486e-18,0.0,0.0,2.240420010707372e-53,7.228014483236697e-17,-3.4313498280080536e-34,0.009999974990643975,-4.805122394327386e-38,2.8912057932946947e-19,0.001700000000000004,0.0,6.2516010354563e-08,4.0703853961894865e-38,-1.734723475976815e-18,-4.479453767083936e-56,-1.4456028966473394e-19,6.915695305151435e-37
0.18000000000000013,-0.004394999867333684,-0.004394999867333684,-0.004394999867333684,0.020394999867333685,-0.0005,0.0,0.0,False,0.0,0.0,0.0,0.0,0,0.0,0.0,0.0,0.009999988944982092,7.228014483236697e-17,False,1.0,6.5684581616413156e-18,0.0,0.0,2.190672647318152e-53,7.228014483236697e-17,-2.5932179053386337e-34,0.009999988944982092,-4.402385000303931e-37,2.8912057932946947e-19,0.0018000000000000043,0.0,2.763551314871604e-08,2.5924729175917832e-36,-1.734723475976815e-18,-4.389689616202954e-56,-1.4456028966473394e-19,5.2865410425257625e-37
0.19000000000000014,-0.004294999941359467,-0.004294999941359467,-0.004294999941359467,0.020294999941359467,-0.0005,0.0,0.0,False,0.0,0.0,0.0,0.0,0,0.0,0.0,0.0,0.00999999511342915,7.228014483236697e-17,False,1.0,6.929858885803145e-18,0.0,0.0,2.0946220605519644e-53,7.228014483236697e-17,-1.5312307501226588e-34,0.00999999511342915,-5.177848103715145e-37,2.8912057932946947e-19,0.0019000000000000045,0.0,1.2215868046283607e-08,3.0970284903818614e-36,-1.734723475976815e-18,-4.199515682831906e-56,-1.4456028966473394e-19,3.171881604206862e-37
0.20000000000000015,-0.004194999974080269,-0.004194999974080269,-0.004194999974080269,0.02019499997408027,-0.0005,0.0,0.0,False,0.0,0.0,0.0,0.0,0,0.0,0.0,0.0,0.009999997840061519,7.228014483236697e-17,False,1.0,7.29125960996499e-18,0.0,0.0,1.9894136149714917e-53,7.228014483236697e-17,-4.249812019301847e-35,0.009999997840061519,-5.331178683623925e-37,2.89120579329469e-19,0.0020000000000000026,0.0,5.399691423157993e-09,3.196793131964128e-36,-1.734723475976815e-18,-3.989479860663136e-56,-1.4456028966473394e-19,9.612243165895908e-38
0.21000000000000016,-0.004094999988543284,-0.004094999988543284,-0.004094999988543284,0.020094999988543284,-0.0005,0.0,0.0,False,0.0,0.0,0.0,0.0,0,0.0,0.0,0.0,0.009999999045284676,7.228014483236697e-17,False,1.0,7.652660334126835e-18,0.0,0.0,1.8823944064219894e-53,7.228014483236697e-17,6.90020249935567e-35,0.009999999045284676,-5.36149639523616e-37,2.891205793294692e-19,0.0020999999999999986,0.0,2.386744489546455e-09,3.216519370750877e-36,-1.734723475976815e-18,-3.775516791481138e-56,-1.4456028966473394e-19,-1.2684144104258523e-37
0.22000000000000017,-0.00399499999493607,-0.00399499999493607,-0.00399499999493607,0.01999499999493607,-0.0005,0.0,0.0,False,0.0,0.0,0.0,0.0,0,0.0,0.0,0.0,0.009999999578008529,7.228014483236697e-17,False,1.0,8.01406105828868e-18,0.0,0.0,1.7750171597725406e-53,7.228014483236697e-17,1.8067521960822514e-34,0.009999999578008529,-5.367491048344141e-37,2.891205793294692e-19,0.0021999999999999945,0.0,1.0549649764879376e-09,3.220419795696002e-36,-1.734723475976814e-18,-3.5607771965568495e-56,-1.4456028966473394e-19,-3.501806294874083e-37
0.23000000000000018,-0.0038949999977617167,-0.0038949999977617167,-0.0038949999977617167,0.019894999997761717,-0.0005,0.0,0.0,False,0.0,0.0,0.0,0.0,0,0.0,0.0,0.0,0.009999999813477134,7.228014483236697e-17,False,1.0,8.375461782450525e-18,0.0,0.0,1.6675691190527478e-53,7.228014483236697e-17,2.923826308981238e-34,0.009999999813477134,-5.3686763576559235e-37,2.891205793294692e-19,0.0022999999999999904,0.0,4.663014974148894e-10,3.221191017970945e-36,-1.734723475976815e-18,-3.3458840609394536e-56,-1.4456028966473394e-19,-5.735940282722366e-37
0.24000000000000019,-0.0037949999990106766,-0.0037949999990106766,-0.0037949999990106766,0.019794999999010677,-0.0005,0.0,0.0,False,0.0,0.0,0.0,0.0,0,0.0,0.0,0.0,0.009999999917555819,7.228014483236697e-17,False,1.0,8.73686250661237e-18,0.0,0.0,1.5601070803802313e-53,7.228014483236697e-17,4.040968077744609e-34,0.009999999917555819,-5.368910726207239e-37,2.89120579329469e-19,0.0023999999999999863,0.0,2.061082762794264e-10,3.221343510021355e-36,-1.734723475976815e-18,-3.1309605660652325e-56,-1.4456028966473394e-19,-7.97022100501125e-37
0.25000000000000017,-0.003694999999562725,-0.003694999999562725,-0.003694999999562725,0.019694999999562725,-0.0005,0.0,0.0,False,0.0,0.0,0.0,0.0,0,0.0,0.0,0.0,0.009999999963559244,7.228014483236697e-17,False,1.0,9.098263230774215e-18,0.0,0.0,1.4526422739239209e-53,7.228014483236697e-17,5.15812322395027e-34,0.009999999963559244,-5.368957067375141e-37,2.8912057932946947e-19,0.0024999999999999823,0.0,9.1101098886881e-11,3.221373661932389e-36,-1.734723475976815e-18,-2.916031068323262e-56,-1.4456028966473394e-19,-1.0204530740771904e-36
0.2600000000000002,-0.0035949999998067285,-0.0035949999998067285,-0.0035949999998067285,0.01959499999980673,-0.0005,0.0,0.0,False,0.0,0.0,0.0,0.0,0,0.0,0.0,0.0,0.00999999998389287,7.228014483236697e-17,False,1.0,9.45966395493606e-18,0.0,0.0,1.345176920199936e-53,7.228014483236697e-17,6.2752810152475936e-34,0.00999999998389287,-5.368966230310295e-37,2.89120579329469e-19,0.002599999999999978,0.0,4.026516620125875e-11,3.2213796238021344e-36,-1.734723475976815e-18,-2.701100383647729e-56,-1.4456028966473394e-19,-1.2438846213301266e-36
0.2700000000000002,-0.0034949999999145803,-0.0034949999999145803,-0.0034949999999145803,0.01949499999991458,-0.0005,0.0,0.0,False,0.0,0.0,0.0,0.0,0,0.0,0.0,0.0,0.009999999992880291,7.228014483236697e-17,False,1.0,9.821064679097905e-18,0.0,0.0,1.2377114582659351e-53,7.228014483236697e-17,7.392439329552958e-34,0.009999999992880291,-5.368968042076946e-37,2.891205793294692e-19,0.002699999999999974,0.0,1.7795931395170328e-11,3.221380802629248e-36,-1.734723475976814e-18,-2.4861694642824655e-56,-1.4456028966473394e-19,-1.4673162820149032e-36
0.2800000000000002,-0.003394999999962258,-0.003394999999962258,-0.003394999999962258,0.01939499999996226,-0.0005,0.0,0.0,False,0.0,0.0,0.0,0.0,0,0.0,0.0,0.0,0.0099999999968527,7.228014483236697e-17,False,1.0,1.018246540325975e-17,0.0,0.0,1.1302459749358117e-53,7.228014483236697e-17,8.509597747271524e-34,0.0099999999968527,-5.368968400313537e-37,2.8912057932946947e-19,0.00279999999999997,0.0,7.867081985857283e-12,3.221381035716139e-36,-1.734723475976815e-18,-2.2712384985125374e-56,-1.4456028966473394e-19,-1.6907479651283027e-36
0.2900000000000002,-0.003294999999983332,-0.003294999999983332,-0.003294999999983332,0.019294999999983332,-0.0005,0.0,0.0,False,0.0,0.0,0.0,0.0,0,0.0,0.0,0.0,0.009999999998608653,7.228014483236697e-17,False,1.0,1.0543866127421595e-17,0.0,0.0,1.0227804873750802e-53,7.228014483236697e-17,9.626756185437756e-34,0.009999999998608653,-5.368968471146827e-37,2.891205793294692e-19,0.002899999999999966,0.0,3.47664952382587e-12,3.2213810818038306e-36,-1.734723475976815e-18,-2.0563075235671114e-56,-1.4456028966473394e-19,-1.9141796526764638e-36
0.3000000000000002,-0.003194999999992648,-0.003194999999992648,-0.003194999999992648,0.01919499999999265,-0.0005,0.0,0.0,False,0.0,0.0,0.0,0.0,0,0.0,0.0,0.0,0.009999999999384605,7.228014483236697e-17,False,1.0,1.090526685158344e-17,0.0,0.0,-8.986728816601549e-54,7.228014483236697e-17,2.1144030822977695e-33,0.009999999999384605,-2.6370976301064093e-36,2.891205793294692e-19,0.002999999999999962,0.0,1.5371592887447605e-12,1.688635114130955e-35,-1.734723475976815e-18,1.6995100390793932e-56,-1.4456028966473394e-19,-4.192406943151517e-36
0.3100000000000002,-0.0030949999999967774,-0.0030949999999967774,-0.0030949999999967774,0.019094999999996778,-0.0005,0.0,0.0,False,0.0,0.0,0.0,0.0,0,0.0,0.0,0.0,0.009999999999727912,7.228014483236697e-17,False,1.0,1.1266667575745285e-17,0.0,0.0,-5.411404162493202e-53,7.228014483236697e-17,4.597421271397362e-33,0.009999999999727912,-2.743409540768628e-36,2.891205793294694e-19,0.003099999999999958,0.0,6.801642582487943e-13,1.7578070279752323e-35,-1.7347234759768156e-18,1.0885391092986428e-55,-1.4456028966473394e-19,-9.157166301402809e-36
0.32000000000000023,-0.002994999999998603,-0.002994999999998603,-0.002994999999998603,0.018994999999998603,-0.0005,0.0,0.0,False,0.0,0.0,0.0,0.0,0,0.0,0.0,0.0,0.009999999999879848,7.228014483236697e-17,False,1.0,1.162806829990713e-17,0.0,0.0,-5.796998339624944e-53,7.228014483236697e-17,4.87487033112951e-33,0.009999999999879848,-4.13937124150363e-37,2.891205793294692e-19,0.0031999999999999537,0.0,3.0100921755149557e-13,2.4213428442982777e-36,-1.7347234759768167e-18,1.1628110338171605e-55,-1.4456028966473394e-19,-9.740046071517173e-36
0.33000000000000024,-0.002894999999999405,-0.002894999999999405,-0.002894999999999405,0.018894999999999405,-0.0005,0.0,0.0,False,0.0,0.0,0.0,0.0,0,0.0,0.0,0.0,0.009999999999946725,7.228014483236697e-17,False,1.0,1.1989469024068976e-17,0.0,0.0,-5.868497129618685e-53,7.228014483236697e-17,4.984337456562355e-33,0.009999999999946725,-4.455441174057103e-37,2.8912057932946923e-19,0.0032999999999999497,0.0,1.3040957203003245e-13,2.626993951565165e-36,-1.734723475976814e-18,1.172857024424259e-55,-1.4456028966473394e-19,-9.958600658800217e-36
0.34000000000000025,-0.002794999999999763,-0.002794999999999763,-0.002794999999999763,0.018794999999999763,-0.0005,0.0,0.0,False,0.0,0.0,0.0,0.0,0,0.0,0.0,0.0,0.009999999999976195,7.228014483236697e-17,False,1.0,1.235086974823082e-17,0.0,0.0,-6.806550912114526e-53,7.228014483236697e-17,6.061446711867134e-33,0.009999999999976195,-3.594545274711412e-36,2.8912057932946923e-19,0.0033999999999999456,0.0,5.652422974122828e-14,-9.822320567965636e-37,-1.7347234759768136e-18,1.2386169682219183e-55,-1.4456028966473394e-19,-1.0267626640129794e-35
0.35000000000000026,-0.0026949999999999197,-0.0026949999999999197,-0.0026949999999999197,0.01869499999999992,-0.0005,0.0,0.0,False,0.0,0.0,0.0,0.0,0,0.0,0.0,0.0,0.009999999999989129,7.228014483236697e-17,False,1.0,1.2712270472392666e-17,0.0,0.0,-6.558674663046532e-53,7.228014483236697e-17,6.052533404511964e-33,0.009999999999989129,-5.2900550177093605e-36,2.8912057932946923e-19,0.0034999999999999415,0.0,2.3502033652533783e-14,1.0049613117864713e-35,-1.7347234759768136e-18,1.1707264618992292e-55,-1.4456028966473394e-19,-1.022943354202008e-35
0.36000000000000026,-0.0025949999999999897,-0.0025949999999999897,-0.0025949999999999897,0.01859499999999999,-0.0005,0.0,0.0,False,0.0,0.0,0.0,0.0,0,0.0,0.0,0.0,0.009999999999994857,7.228014483236697e-17,False,1.0,1.3073671196554511e-17,0.0,0.0,-4.877040346377232e-53,7.228014483236697e-17,5.121821065596571e-33,0.009999999999994857,-3.223820381497933e-36,2.89120579329469e-19,0.0035999999999999375,0.0,1.0755285551056204e-14,-3.394355986613673e-36,-1.7347234759768163e-18,8.470091580677975e-56,-1.4456028966473394e-19,-8.392828499459097e-36
0.3700000000000003,-0.0024950000000000284,-0.0024950000000000284,-0.0024950000000000284,0.01849500000000003,-0.0005,0.0,0.0,False,0.0,0.0,0.0,0.0,0,0.0,0.0,0.0,0.009999999999997218,7.228014483236697e-17,False,1.0,1.3435071920716356e-17,0.0,0.0,-4.174281389288316e-53,7.228014483236697e-17,4.253970521363163e-33,0.009999999999997218,-2.740282978119305e-37,2.89120579329469e-19,0.0036999999999999334,0.0,6.5780714209040525e-15,1.511025155409739e-36,-1.7347234759768167e-18,8.344381086830402e-56,-1.4456028966473394e-19,-8.499927038487041e-36
0.3800000000000003,-0.002395000000000067,-0.002395000000000067,-0.002395000000000067,0.018395000000000068,-0.0005,0.0,0.0,False,0.0,0.0,0.0,0.0,0,0.0,0.0,0.0,0.009999999999999029,7.228014483236697e-17,False,1.0,1.3796472644878201e-17,0.0,0.0,-4.337582618417073e-53,7.228014483236697e-17,4.3779444382935976e-33,0.009999999999999029,-1.0173427724001438e-37,2.8912057932946894e-19,0.0037999999999999293,0.0,6.0645932720149176e-15,3.899929895264902e-37,-1.7347234759768167e-18,8.715897357001495e-56,-1.4456028966473394e-19,-8.74994447019262e-36
0.3900000000000003,-0.0022950000000000574,-0.0022950000000000574,-0.0022950000000000574,0.018295000000000058,-0.0005,0.0,0.0,False,0.0,0.0,0.0,0.0,0,0.0,0.0,0.0,0.009999999999999665,7.228014483236697e-17,False,1.0,1.415787336904002e-17,0.0,0.0,-4.373067153894653e-53,7.228014483236697e-17,4.469591444319684e-33,0.009999999999999665,-3.8381294882355905e-37,2.891205793294694e-19,0.0038999999999999252,0.0,-2.8033131371785203e-15,2.2253397015312434e-36,-1.7347234759768156e-18,8.73924444174031e-56,-1.4456028966473394e-19,-8.929850149853399e-36
0.4000000000000003,-0.002195000000000072,-0.002195000000000072,-0.002195000000000072,0.018195000000000072,-0.0005,0.0,0.0,False,0.0,0.0,0.0,0.0,0,0.0,0.0,0.0,0.009999999999999586,7.228014483236697e-17,False,1.0,1.4519274093201836e-17,0.0,0.0,-5.08329654386968e-53,7.228014483236697e-17,4.642525178072471e-33,0.009999999999999586,4.766384970848982e-37,2.8912057932946923e-19,0.003999999999999921,0.0,4.163336342344337e-17,2.072502929756283e-35,-1.7347234759768156e-18,1.0815893826369473e-55,-1.4456028966473394e-19,-1.1093420060015566e-35
0.4100000000000003,-0.002095000000000069,-0.002095000000000069,-0.002095000000000069,0.01809500000000007,-0.0005,0.0,0.0,False,0.0,0.0,0.0,0.0,0,0.0,0.0,0.0,0.009999999999999636,7.228014483236697e-17,False,1.0,1.488067481736365e-17,0.0,0.0,-3.5369230360473347e-53,7.228014483236697e-17,3.762877884235891e-33,0.009999999999999636,3.260620711348658e-36,2.8912057932946923e-19,0.004099999999999917,0.0,-2.914335439641036e-16,-2.1487191620910506e-35,-1.7347234759768167e-18,7.906557189072713e-56,-1.4456028966473394e-19,-7.560200010588784e-36
0.4200000000000003,-0.00199500000000008,-0.00199500000000008,-0.00199500000000008,0.01799500000000008,-0.0005,0.0,0.0,False,0.0,0.0,0.0,0.0,0,0.0,0.0,0.0,0.009999999999999544,7.228014483236697e-17,False,1.0,1.5242075541525464e-17,0.0,0.0,4.242474373104656e-53,7.228014483236697e-17,-6.391955575516703e-34,0.009999999999999544,6.68937214783014e-36,2.8912057932946923e-19,0.004199999999999913,0.0,3.191891195797325e-16,-1.9698162624203007e-35,-1.734723475976815e-18,-7.292810048149083e-56,-1.4456028966473394e-19,-6.0460602000746585e-37
0.4300000000000003,-0.0018950000000000806,-0.0018950000000000806,-0.0018950000000000806,0.01789500000000008,-0.0005,0.0,0.0,False,0.0,0.0,0.0,0.0,0,0.0,0.0,0.0,0.00999999999999957,7.228014483236697e-17,False,1.0,1.560347626568728e-17,0.0,0.0,5.7084676309812265e-53,7.228014483236697e-17,-9.173251671246995e-34,0.00999999999999957,1.2098777125479244e-36,2.89120579329469e-19,0.004299999999999909,0.0,1.457167719820518e-16,-8.144018956040925e-36,-1.7347234759768163e-18,-1.138347203021988e-55,-1.4456028966473394e-19,1.8248396416675416e-36
0.44000000000000034,-0.0017950000000000813,-0.0017950000000000813,-0.0017950000000000813,0.01779500000000008,-0.0005,0.0,0.0,False,0.0,0.0,0.0,0.0,0,0.0,0.0,0.0,0.009999999999999565,7.228014483236697e-17,False,1.0,1.5964876989849093e-17,0.0,0.0,5.807886280469745e-53,7.228014483236697e-17,-9.05312869933901e-34,0.009999999999999565,-1.9151103322047705e-37,2.891205793294692e-19,0.004399999999999905,0.0,-2.123301534595612e-15,9.741260364462127e-37,-1.7347234759768156e-18,-1.1617935285758129e-55,-1.4456028966473394e-19,1.817648545733613e-36
0.45000000000000034,-0.0016950000000000957,-0.0016950000000000957,-0.0016950000000000957,0.017695000000000096,-0.0005,0.0,0.0,False,0.0,0.0,0.0,0.0,0,0.0,0.0,0.0,0.009999999999999586,7.228014483236697e-17,False,1.0,1.6326277714010907e-17,0.0,0.0,2.113233513925064e-53,7.228014483236697e-17,1.2667120547351106e-33,0.009999999999999586,-4.669006049490135e-36,2.8912057932946947e-19,0.004499999999999901,0.0,5.551115123125783e-17,3.0106976492655113e-35,-1.734723475976814e-18,-4.409694672981251e-56,-1.4456028966473394e-19,-2.472617579685255e-36
0.46000000000000035,-0.0015950000000000894,-0.0015950000000000894,-0.0015950000000000894,0.01759500000000009,-0.0005,0.0,0.0,False,0.0,0.0,0.0,0.0,0,0.0,0.0,0.0,0.009999999999999605,7.228014483236697e-17,False,1.0,1.668767843817272e-17,0.0,0.0,-1.1130642565347972e-52,7.228014483236697e-17,8.251257749848876e-33,0.009999999999999605,-8.376415527954232e-36,2.8912057932946923e-19,0.004599999999999897,0.0,-2.3939183968479938e-15,1.0242570544130126e-34,-1.734723475976814e-18,2.3034300372339476e-55,-1.4456028966473394e-19,-2.0011908901829202e-35
0.47000000000000036,-0.0014950000000000935,-0.0014950000000000935,-0.0014950000000000935,0.017495000000000094,-0.0005,0.0,0.0,False,0.0,0.0,0.0,0.0,0,0.0,0.0,0.0,0.009999999999999608,7.228014483236697e-17,False,1.0,1.7049079162334536e-17,0.0,0.0,-1.1429998981501367e-52,7.228014483236697e-17,8.810442796758213e-33,0.009999999999999608,-2.0869872915676442e-36,2.8912057932946923e-19,0.004699999999999893,0.0,-1.0408340855860843e-16,1.3307054644310844e-35,-1.7347234759768163e-18,2.281076314900829e-55,-1.4456028966473394e-19,-1.7591094304066862e-35
0.48000000000000037,-0.0013950000000001045,-0.0013950000000001045,-0.0013950000000001045,0.017395000000000105,-0.0005,0.0,0.0,False,0.0,0.0,0.0,0.0,0,0.0,0.0,0.0,0.009999999999999658,7.228014483236697e-17,False,1.0,1.741047988649635e-17,0.0,0.0,-8.023451774490174e-53,7.228014483236697e-17,6.907348721168035e-33,0.009999999999999658,3.03002370196525e-36,2.8912057932946923e-19,0.0047999999999998886,0.0,1.8735013540549517e-15,-1.998681067897627e-35,-1.7347234759768167e-18,1.6166676901527688e-55,-1.4456028966473394e-19,-1.3846371750406423e-35
0.4900000000000004,-0.0012950000000001016,-0.0012950000000001016,-0.0012950000000001016,0.017295000000000102,-0.0005,0.0,0.0,False,0.0,0.0,0.0,0.0,0,0.0,0.0,0.0,0.009999999999999558,7.228014483236697e-17,False,1.0,1.7771880610658164e-17,0.0,0.0,-8.353575560614794e-53,7.228014483236697e-17,7.041253493388647e-33,0.009999999999999558,3.341901410782548e-36,2.891205793294692e-19,0.0048999999999998845,0.0,-2.0816681711721685e-15,-2.201604502063055e-35,-1.7347234759768156e-18,1.7070341573062233e-55,-1.4456028966473394e-19,-1.411792757363224e-35
0.5000000000000003,-0.0011950000000001092,-0.0011950000000001092,-0.0011950000000001092,0.01719500000000011,-0.0005,0.0,0.0,False,0.0,0.0,0.0,0.0,0,0.0,0.0,0.0,0.009999999999999608,7.228014483236697e-17,False,1.0,1.8133281334819978e-17,0.0,0.0,-5.623535163020271e-53,7.228014483236697e-17,5.038691297487453e-33,0.009999999999999608,7.060832713277267e-36,2.8912057932946947e-19,0.00499999999999988,0.0,-1.0408340855860843e-16,-4.62132957375633e-35,-1.7347234759768156e-18,1.2920930361713315e-55,-1.4456028966473394e-19,-1.0157475029307264e-35
0.5104999999999992,-0.0010900000000001117,-0.0010900000000001117,-0.0010900000000001117,0.017090000000000112,-0.0005,0.0,0.0,False,0.0,0.0,0.0,0.0,0,0.0,0.0,0.0,0.009999999999999603,7.228014483236697e-17,False,1.0,1.8512752095189883e-17,0.0,0.0,8.838348340586177e-53,7.228014483236697e-17,-1.9806051520715936e-33,0.009999999999999603,7.060833106657073e-36,2.891205793294692e-19,0.005104999999999876,0.0,-2.3869795029440866e-15,-4.621329829709137e-35,-1.734723475976814e-18,-1.8241321558573437e-55,-1.4456028966473394e-19,3.8811178650855455e-36
0.5204999999999981,-0.0009900000000001193,-0.0009900000000001193,-0.0009900000000001193,0.01699000000000012,-0.0005,0.0,0.0,False,0.0,0.0,0.0,0.0,0,0.0,0.0,0.0,0.009999999999999539,7.228014483236697e-17,False,1.0,1.8874152819351698e-17,0.0,0.0,1.0346619959357768e-52,7.228014483236697e-17,-2.457981998793451e-33,0.009999999999999539,-1.2191919396614921e-36,2.89120579329469e-19,0.005204999999999872,0.0,3.5388358909926865e-16,-4.0535706513918693e-35,-1.7347234759768167e-18,-2.199285743834209e-55,-1.4456028966473394e-19,8.550064697950571e-36
0.530499999999997,-0.0008900000000001233,-0.0008900000000001233,-0.0008900000000001233,0.016890000000000124,-0.0005,0.0,0.0,False,0.0,0.0,0.0,0.0,0,0.0,0.0,0.0,0.009999999999999617,7.228014483236697e-17,False,1.0,1.9235553543513512e-17,0.0,0.0,9.768582728709406e-53,7.228014483236697e-17,-2.4275780124755815e-33,0.009999999999999617,-2.3620752771438894e-36,2.8912057932946947e-19,0.005304999999999868,0.0,-1.6653345369377348e-16,1.50969164123243e-35,-1.7347234759768156e-18,-2.0013446225217956e-55,-1.4456028966473394e-19,4.888251674587826e-36
0.5404999999999959,-0.0007900000000001274,-0.0007900000000001274,-0.0007900000000001274,0.016790000000000128,-0.0005,0.0,0.0,False,0.0,0.0,0.0,0.0,0,0.0,0.0,0.0,0.009999999999999613,7.228014483236697e-17,False,1.0,1.9596954267675326e-17,0.0,0.0,1.106903073837908e-52,7.228014483236697e-17,-4.187595171060617e-33,0.009999999999999613,4.765961272072362e-36,2.89120579329469e-19,0.005404999999999864,0.0,-1.3877787807814457e-16,1.691474528096819e-35,-1.734723475976815e-18,-1.9981922491003488e-55,-1.4456028966473394e-19,4.707930552001478e-36
0.5504999999999948,-0.000690000000000135,-0.000690000000000135,-0.000690000000000135,0.016690000000000135,-0.0005,0.0,0.0,False,0.0,0.0,0.0,0.0,0,0.0,0.0,0.0,0.009999999999999554,7.228014483236697e-17,False,1.0,1.995835499183714e-17,0.0,0.0,9.741702664751694e-53,7.228014483236697e-17,-2.2175564091795212e-33,0.009999999999999554,-2.5505614767163935e-36,2.891205793294692e-19,0.00550499999999986,0.0,2.636779683484747e-16,1.632330309622939e-35,-1.7347234759768156e-18,-2.017811121793609e-55,-1.4456028966473394e-19,4.470472566489069e-36
0.5604999999999937,-0.0005900000000001321,-0.0005900000000001321,-0.0005900000000001321,0.016590000000000132,-0.0005,0.0,0.0,False,0.0,0.0,0.0,0.0,0,0.0,0.0,0.0,0.009999999999999636,7.228014483236697e-17,False,1.0,2.0319755715998955e-17,0.0,0.0,9.04047037235473e-53,7.228014483236697e-17,-2.0380117757440637e-33,0.009999999999999636,-1.5971901630459454e-36,2.891205793294692e-19,0.005604999999999856,0.0,-2.914335439641036e-16,1.0120186440715979e-35,-1.7347234759768167e-18,-1.8147380051451697e-55,-1.4456028966473394e-19,4.0999313919464366e-36
0.5704999999999926,-0.0004900000000001431,-0.0004900000000001431,-0.0004900000000001431,0.016490000000000143,-0.0005,0.0,0.0,False,0.0,0.0,0.0,0.0,0,0.0,0.0,0.0,0.009999999999999575,7.228014483236697e-17,False,1.0,2.068115644016077e-17,0.0,0.0,9.754108197049874e-53,7.228014483236697e-17,-1.951811928593901e-33,0.009999999999999575,-1.9558316788299343e-36,2.8912057932946923e-19,0.005704999999999852,0.0,1.1102230246251565e-16,-3.5742755258067724e-35,-1.7347234759768156e-18,-2.0607983452872697e-55,-1.4456028966473394e-19,7.546573082946887e-36
0.5804999999999915,-0.0003900000000001472,-0.0003900000000001472,-0.0003900000000001472,0.016390000000000148,-0.0005,0.0,0.0,False,0.0,0.0,0.0,0.0,0,0.0,0.0,0.0,0.009999999999999579,7.228014483236697e-17,False,1.0,2.1042557164322583e-17,0.0,0.0,1.688500245246846e-53,7.228014483236697e-17,2.3530615447032887e-33,0.009999999999999579,-9.891239184993072e-36,2.8912057932946923e-19,0.005804999999999848,0.0,9.71445146547012e-17,6.408547036729896e-35,-1.7347234759768156e-18,-3.96864562257962e-56,-1.4456028966473394e-19,-4.582587032468422e-36
0.5904999999999904,-0.00029000000000014084,-0.00029000000000014084,-0.00029000000000014084,0.01629000000000014,-0.0005,0.0,0.0,False,0.0,0.0,0.0,0.0,0,0.0,0.0,0.0,0.009999999999999596,7.228014483236697e-17,False,1.0,2.1403957888484398e-17,0.0,0.0,-3.7593961745158136e-53,7.228014483236697e-17,5.22130880347449e-33,0.009999999999999596,-4.582942505270869e-36,2.89120579329469e-19,0.0059049999999998435,0.0,-2.345346139520643e-15,2.954700348221962e-35,-1.734723475976815e-18,7.406305462776024e-56,-1.4456028966473394e-19,-1.0382844873490973e-35
0.6004999999999893,-0.00019000000000015532,-0.00019000000000015532,-0.00019000000000015532,0.016190000000000156,-0.0005,0.0,0.0,False,0.0,0.0,0.0,0.0,0,0.0,0.0,0.0,0.00999999999999955,7.228014483236697e-17,False,1.0,2.1765358612646212e-17,0.0,0.0,-4.345569505765994e-53,7.228014483236697e-17,5.5639675025317744e-33,0.00999999999999955,-1.33691238036036e-36,2.891205793294692e-19,0.0060049999999998395,0.0,2.914335439641036e-16,8.426687354173176e-36,-1.7347234759768156e-18,8.660509815859741e-56,-1.4456028966473394e-19,-1.1107153624457319e-35
0.6104999999999882,-9.000000000015593e-05,-9.000000000015593e-05,-9.000000000015593e-05,0.016090000000000156,-0.0005,0.0,0.0,False,0.0,0.0,0.0,0.0,0,0.0,0.0,0.0,0.009999999999999537,7.228014483236697e-17,False,1.0,2.2126759336808026e-17,0.0,0.0,-4.547513147268471e-53,7.228014483236697e-17,5.7213471594654256e-33,0.009999999999999537,-6.950821252986935e-37,2.891205793294694e-19,0.006104999999999835,0.0,-1.942890293094024e-15,4.250614623541385e-36,-1.734723475976814e-18,9.080348403087761e-56,-1.4456028966473394e-19,-1.1429622611058096e-35
0.6204999999999871,7.060220894979097e-06,7.061012944079015e-06,7.060220894979097e-06,0.015992939383080444,-0.0004999990523684942,0.0,3.490851578597089e-06,False,0.18271423393652522,0.0,0.08149304277059477,0.10122119116593048,8,7.0609733416235285e-06,0.0,0.0,0.004121235633112297,0.00012185370748992161,False,0.9999999999999996,2.2459078596667625e-17,2.9134439206695542e-18,-3.04634268724804e-08,-4.404571237646326e-17,1.1653778420741996e-14,-0.00012185370748992161,0.00412123383954451,3.844922331578781e-06,-2.2253408356248652e-17,0.006204999999999831,0.0,-1.915134717478395e-15,3.424889130334214e-36,-1.7347234759768156e-18,9.335795280962794e-56,-1.4456028966473394e-19,-1.1672636722463036e-35
0.630499999999986,6.173386567741301e-07,6.203954598625605e-07,6.173386567741301e-07,0.015999381132941245,-0.0004999962711616252,0.0,1.347245507427448e-05,False,0.09102334903177418,0.0,0.04062160224846604,0.05040174678330814,8,6.20242619711818e-07,0.0,0.0,0.00019387633715891504,5.653277874846876e-06,False,0.9999999999999931,2.2172068047067672e-17,5.146580608137975e-19,-1.1756934968655317e-07,-5.1847180215975926e-17,-2.8536865551358527e-16,-5.653277874846876e-06,-0.00019387625468764505,1.7882519031074888e-07,-9.280219154592901e-18,0.006304999999999827,0.0,0.09263578768162524,-3.1805370863895703e-06,5.902402031139833e-17,-5.219318034230122e-18,4.773595685040865e-19,3.800788731010372e-08
0.6404999999999849,4.788378773004642e-08,5.1968013333597574e-08,4.788378773004642e-08,0.01599995007409868,-0.0004999950282377741,0.0,1.8000683834290853e-05,False,0.12146916344416597,0.0,0.05420736676460868,0.06726179667955728,8,5.176380207515116e-08,0.0,0.0,9.347824438854824e-06,8.521393485747595e-06,False,0.9999999999999877,2.19116681132443e-17,2.779844832798207e-20,-1.5708560025944573e-07,-5.155876355536617e-17,-1.8119256809084253e-17,-8.521393485747595e-06,-9.343913400098736e-06,2.70377719323888e-07,-5.386842503329264e-19,0.006404999999999823,0.0,0.12154919957933748,-4.579162009268412e-06,3.2515127307718528e-18,-5.156748067817446e-18,2.6482981897686757e-20,5.420899684421518e-08
0.6504999999999838,2.342108956082667e-08,2.861712678631223e-08,2.342108956082667e-08,0.01599997398089055,-0.0004999936850025942,0.0,2.2900846390763578e-05,False,0.15149033896820827,0.0,0.06760422820006262,0.08388611076814564,8,2.835732495437168e-08,0.0,0.0,2.7195752923914e-07,8.55463538113093e-06,False,0.9999999999999801,2.1659024886751736e-17,4.327150725904321e-21,-1.9984758550614087e-07,-4.9085273656473e-17,6.679359222108288e-19,-8.55463538113093e-06,2.228028094919426e-08,2.7104333009812774e-07,-1.2020485711019551e-19,0.006504999999999819,0.0,0.15149254676172924,-5.398833531747676e-06,7.914583151096782e-19,-5.098699077325875e-18,-9.58997162635115e-23,6.456018082065157e-08
0.6604999999999827,2.661623146188452e-08,3.292402772636649e-08,2.661623146188452e-08,0.01599997022986853,-0.0004999923458336667,0.0,2.7800777223545378e-05,False,0.1814899242384436,0.0,0.08099146796376494,0.10049845627467867,8,3.260863795942595e-08,0.0,0.0,5.663271741577267e-07,8.550668946761499e-06,False,0.9999999999999707,2.1402219039885556e-17,1.0832778414864814e-21,-2.426075485821549e-07,-5.082461106027167e-17,1.4991567514618983e-18,-8.550668946761499e-06,4.975410049207454e-07,2.705169432991784e-07,-5.544192347331888e-20,0.006604999999999815,0.0,0.18148818284514545,-6.207938254377693e-06,2.7258671734189145e-19,-5.033269217476816e-18,-4.559757661116554e-21,7.481423860059099e-08
0.6704999999999816,3.121489640378616e-08,3.863423960609458e-08,3.121489640378616e-08,0.015999965075429404,-0.0004999910109031447,0.0,3.269977325339166e-05,False,0.21148841397283075,0.0,0.09437820470915864,0.1171102092636721,8,3.8263272514207124e-08,0.0,0.0,5.874384565009873e-07,8.550256343679703e-06,False,0.9999999999999596,2.1151255569955108e-17,3.425862144882982e-21,-2.8535935396362745e-07,-5.100067634050738e-17,8.034594535509722e-19,-8.550256343679703e-06,5.216568250249675e-07,2.7010756576062964e-07,-6.545279642386738e-20,0.006704999999999811,0.0,0.2114864721787676,-7.016426871743312e-06,3.9179518585642544e-19,-4.984265908065556e-18,-6.0717310434768724e-21,8.507374608230923e-08
0.6804999999999805,3.588478013349938e-08,4.4415658505270184e-08,3.588478013349938e-08,0.015999959849777246,-0.0004999896799318753,0.0,3.7598717401085465e-05,False,0.24148684811716717,0.0,0.1077649013475463,0.13372194676962085,8,4.398911469443497e-08,0.0,0.0,5.883458217410427e-07,8.550298136584315e-06,False,0.9999999999999464,2.0900799669442705e-17,2.9709738438622442e-21,-3.281107065879076e-07,-4.684542467249182e-17,-1.0167314927155486e-17,-8.550298136584315e-06,5.228805879147185e-07,2.697159556683681e-07,-1.382480100236889e-19,0.006804999999999807,0.0,0.24148489614375157,-7.82383829682844e-06,1.053429997494782e-18,-4.9201064186826675e-18,1.2375321288135647e-20,9.533414076294738e-08
0.6904999999999794,4.055827345153529e-08,5.020069586067488e-08,4.055827345153529e-08,0.015999954620510952,-0.0004999883528623308,0.0,4.2497700646730036e-05,False,0.27148527944048134,0.0,0.1211515814119731,0.15033369802850827,8,4.9718574894659036e-08,0.0,0.0,5.882236736723339e-07,8.550376553523125e-06,False,0.9999999999999314,2.0644013625732664e-17,-3.026900793231025e-21,-3.7086240040617294e-07,-5.264644200808019e-17,-8.205857280769327e-19,-8.550376553523125e-06,5.229427594793246e-07,2.693287221532928e-07,-2.1353019541538332e-20,0.006904999999999803,0.0,0.27148332693999044,-8.630109069123691e-06,-3.6680635216614043e-20,-4.8551042247577155e-18,6.6551913154574364e-21,1.0559469862249431e-07
0.7004999999999783,4.52319402870216e-08,5.5985916663087165e-08,4.52319402870216e-08,0.01599994939106606,-0.0004999870296590349,0.0,4.739672764553519e-05,False,0.3014837105660064,0.0,0.1345382461233196,0.1669454644426868,8,5.544821805461851e-08,0.0,0.0,5.880508408775278e-07,8.55039538451658e-06,False,0.9999999999999146,2.0403444045718397e-17,4.2721807441806955e-19,-4.136144760427927e-07,2.980186013754625e-17,1.4208507377214765e-15,-8.55039538451658e-06,5.22945808339096e-07,2.6894511149551876e-07,-4.923708742475552e-18,0.007004999999999799,0.0,0.30148175807443417,-9.435243229167325e-06,8.51230815728954e-18,-4.797321125027092e-18,7.950313425393472e-20,1.1585536151445188e-07
0.7104999999999771,4.990561578571695e-08,6.177115321331916e-08,4.990561578571695e-08,0.01599994416160885,-0.000499985710274056,0.0,5.229578586025863e-05,False,0.3314821417856743,0.0,0.14792489563601682,0.18355724614965746,8,6.117787661417558e-08,0.0,0.0,5.878801689660874e-07,8.550619413251967e-06,False,0.9999999999998962,2.0341115173380143e-17,1.3180625469802366e-18,-4.563668240896885e-07,-4.37489230024125e-17,-6.287701614260355e-16,-8.550619413251967e-06,5.229482655489365e-07,2.685669462591301e-07,-2.280050399947206e-17,0.007104999999999795,0.0,0.3314801892347272,-1.0239270359368056e-05,1.4399648855339998e-16,-4.805630976929436e-18,8.271151250200855e-19,1.2611621346088362e-07
0.720499999999976,5.4579290243578216e-08,6.755640210784342e-08,5.4579290243578216e-08,0.015999938932145873,-0.0004999843946889153,0.0,5.719490309831753e-05,False,0.36148057266717415,0.0,0.1613115300145889,0.20016904265258526,8,6.690754686065545e-08,0.0,0.0,5.876988168804881e-07,8.550093061571066e-06,False,0.9999999999998759,2.0246834251897506e-17,1.6300464063606762e-18,-4.991196872123529e-07,1.3052357831312772e-16,2.880010568574052e-15,-8.550093061571066e-06,5.229386750711859e-07,2.681884439671445e-07,-2.2079383104990598e-17,0.0072049999999997906,0.0,0.3614786203986611,-1.1042154083831427e-05,1.0154368537575197e-16,-4.768958502157136e-18,7.752169381586047e-19,1.363770357805871e-07
0.730499999999975,5.925295723865909e-08,7.334165355241118e-08,5.925295723865909e-08,0.01599993370268523,-0.000499983082864785,0.0,6.209406443226167e-05,False,0.3914790041090529,0.0,0.17469814905646058,0.21678085505259237,8,7.26372191724124e-08,0.0,0.0,5.875367165733786e-07,8.55076645247874e-06,False,0.9999999999998537,2.0184287209821248e-17,1.3837801936344902e-18,-5.418729351442086e-07,-2.4226575134512896e-17,-4.1768053418485727e-16,-8.55076645247874e-06,5.229474036871756e-07,2.678159933586282e-07,-2.168148091863051e-17,0.0073049999999997865,0.0,0.3914770515677398,-1.1843954877955845e-05,1.2950894576976288e-16,-4.855715088840486e-18,-9.055231271309038e-20,1.4663784113684235e-07
0.7404999999999738,6.392662166981866e-08,7.912691703249042e-08,6.392662166981866e-08,0.01599992847321973,-0.0004999817747869403,0.0,6.699329012522007e-05,False,0.4214774353065442,0.0,0.18808475299928987,0.23339268230725432,8,7.836690281062118e-08,0.0,0.0,5.873676819701682e-07,8.550867081377643e-06,False,0.9999999999998295,2.0034444247740413e-17,1.4631268406522575e-19,-5.846267447144142e-07,-5.72281824456159e-17,-1.2221733485216293e-16,-8.550867081377643e-06,5.229480346657495e-07,2.674437265337116e-07,-3.3258659008231603e-18,0.007404999999999782,0.0,0.42147548271639895,-1.2644638953750198e-05,2.3676177240750467e-17,-4.720693889787499e-18,2.229478424482028e-19,1.568990977521862e-07
0.7504999999999727,6.86002812437525e-08,8.491218367670528e-08,6.86002812437525e-08,0.015999923243754963,-0.0004999804704206598,0.0,7.189255116951954e-05,False,0.45147586638725345,0.0,0.20147134189290633,0.2500045244943471,8,8.409658922068516e-08,0.0,0.0,5.871971395815932e-07,8.550684384833753e-06,False,0.9999999999998036,1.9773407680484856e-17,-6.378487071264361e-19,-6.273808627832671e-07,-9.830321884242166e-17,-1.034212011076279e-15,-8.550684384833753e-06,5.229448590112859e-07,2.67075186354838e-07,9.506028138869165e-18,0.007504999999999778,0.0,0.4514739138787255,-1.3444227059230801e-05,-4.2624845158999106e-17,-4.6551397901980786e-18,-3.403446711345743e-19,1.671602014923871e-07
0.7604999999999716,7.327392940320587e-08,9.069744662248969e-08,7.327392940320587e-08,0.015999918014297638,-0.0004999791697183749,0.0,7.679184623209498e-05,False,0.4814742976328308,0.0,0.21485791569583418,0.26661638193699666,8,8.982627156126886e-08,0.0,0.0,5.870356122528665e-07,8.551043289733152e-06,False,0.9999999999997758,1.9425950599468527e-17,-1.0106343812513941e-18,-6.701352777175796e-07,-5.0693929647099024e-17,4.2613597279241885e-16,-8.551043289733152e-06,5.229489403852233e-07,2.6671185913466617e-07,1.690867135058636e-17,0.007604999999999774,0.0,0.4814723450375554,-1.424275744036135e-05,-1.0532837615558656e-16,-4.548114952825071e-18,-4.301316152956741e-19,1.7742143943051698e-07
0.7704999999999705,7.794758515727862e-08,9.648273315010503e-08,7.794758515727862e-08,0.015999912784824606,-0.0004999778726761308,0.0,8.169121174495501e-05,False,0.5114727288205487,0.0,0.22824447445162824,0.28322825436892046,8,9.555597670154948e-08,0.0,0.0,5.868692145550113e-07,8.551083414390533e-06,False,0.9999999999997464,1.9170633674978285e-17,-4.400964688036556e-19,-7.128903074466036e-07,-4.9812692955915946e-17,2.7236448003833547e-16,-8.551083414390533e-06,5.22947545012932e-07,2.6634815591132495e-07,8.588521875684295e-18,0.00770499999999977,0.0,0.5114707761988116,-1.5040190330562947e-05,-5.812785097152059e-17,-4.51660085580281e-18,-4.809855899758071e-19,1.8768277832333512e-07
0.7804999999999694,8.262122393881688e-08,1.022680050782876e-07,8.262122393881688e-08,0.01599990755536725,-0.0004999765792241162,0.0,8.659058771676363e-05,False,0.5414711599340755,0.0,0.24163101827511047,0.299840141658965,8,1.0128566714174425e-07,0.0,0.0,5.867071237543594e-07,8.55113292804191e-06,False,0.9999999999997152,1.886710034230517e-17,-6.541899877618031e-19,-7.556454284471708e-07,-8.607411278321727e-17,-5.994795017856001e-17,-8.55113292804191e-06,5.229470253097492e-07,2.6599183781424166e-07,8.459122262360472e-18,0.007804999999999766,0.0,0.5414692073801702,-1.5836587775978434e-05,-4.6299313220960266e-17,-4.2643890361823274e-18,1.0565863202148735e-18,1.9794385862308572e-07
0.7904999999999683,8.729486992639646e-08,1.0805330070626229e-07,8.729486992639646e-08,0.01599990232589431,-0.0004999752893679367,0.0,9.14900363832244e-05,False,0.5714695911594123,0.0,0.2550175470832898,0.3164520440761225,8,1.0701538048193219e-07,0.0,0.0,5.865468137935428e-07,8.551302583247402e-06,False,0.9999999999996819,1.836210785059457e-17,-2.550231037130062e-18,-7.98401183828251e-07,-3.4284785603469404e-17,1.333857102768311e-15,-8.551302583247402e-06,5.229479419938545e-07,2.6563624514690974e-07,4.544729361334506e-17,0.007904999999999763,0.0,0.5714676385164662,-1.6631921153880824e-05,-2.903757727486645e-16,-4.324709340976073e-18,-1.932078579362668e-18,2.0820580514357948e-07
0.8004999999999672,9.196850415255087e-08,1.1383859314928468e-07,9.196850415255087e-08,0.015999897096428697,-0.0004999740030383415,0.0,9.638952284188237e-05,False,0.601468022297381,0.0,0.26840406103769876,0.33306396125968235,8,1.1274509024380774e-07,0.0,0.0,5.863869526269932e-07,8.551078596637963e-06,False,0.999999999999646,1.7950784522246134e-17,1.5650935477144748e-18,-8.41157269008465e-07,7.372700454917566e-17,4.77343861549384e-15,-8.551078596637963e-06,5.22947344050163e-07,2.652842504975597e-07,-9.706269793790405e-18,0.008004999999999759,0.0,0.601466069672795,-1.7426212126196212e-05,-9.653492977438459e-19,-4.233827811168693e-18,-1.3532948419266245e-19,2.1846742350911095e-07
0.8104999999999661,9.664214789886771e-08,1.196238853494458e-07,9.664214789886771e-08,0.01599989186695837,-0.0004999727201512174,0.0,0.00010128896627922785,False,0.6314664534990301,0.0,0.28179056014464343,0.3496758933543867,8,1.1847480025247164e-07,0.0,0.0,5.862356333022042e-07,8.551885372615309e-06,False,0.9999999999996091,1.8908071811982488e-17,1.1835614546931141e-17,-8.839129787569028e-07,-2.6921800983515345e-17,8.875029353812871e-17,-8.551885372615309e-06,5.229475621309454e-07,2.64949174398671e-07,-2.120594818600384e-18,0.008104999999999755,0.0,0.6314645008365124,-1.8219584749486828e-05,2.1582042754045835e-17,-4.508182909101303e-18,-3.2502988332913315e-18,2.2872977751912253e-07
0.820499999999965,1.0131576890642924e-07,1.2540920415332613e-07,1.0131576890642924e-07,0.015999886637485985,-0.000499971440785875,0.0,0.00010618862721343908,False,0.6614648846671853,0.0,0.2951770442602603,0.366287840406925,8,1.2420453442039473e-07,0.0,0.0,5.860723884350266e-07,8.551591931084123e-06,False,0.9999999999995705,1.9012364477171674e-17,-4.525882880616764e-17,-9.266705865235489e-07,-4.6214360909051476e-17,1.3778079880780822e-15,-8.551591931084123e-06,5.229463318951548e-07,2.645902085175095e-07,5.4123242197229084e-17,0.00820499999999975,0.0,0.6614629320019128,-1.9011762762536345e-05,-6.099479419746387e-16,-4.469428507306075e-18,5.9106843914561864e-18,2.3899106702261944e-07
0.8304999999999639,1.0598939863271095e-07,1.3119452667298415e-07,1.0598939863271095e-07,0.01599988140800727,-0.0004999701649472094,0.0,0.00011108826604662006,False,0.6914633159056459,0.0,0.30856351363774226,0.38289980226790366,8,1.2993427257010642e-07,0.0,0.0,5.859167224883613e-07,8.551509747587943e-06,False,0.99999999999953,1.5761125557807324e-17,-6.434600175966408e-17,-9.694280014223205e-07,-2.9001367784700096e-16,1.0406917611325813e-14,-8.551509747587943e-06,5.229470491676584e-07,2.642438068495496e-07,8.509737464605376e-16,0.008304999999999747,0.0,0.6914613631335733,-1.980295320479226e-05,-4.429542750948611e-15,-2.737411607254539e-18,3.854367977941971e-17,2.4925252151630033e-07
0.8404999999999628,1.1066300607473489e-07,1.3697983431912308e-07,1.1066300607473489e-07,0.015999876178547024,-0.0004999688925472095,0.0,0.00011598793757721446,False,0.7214617470069368,0.0,0.3219499681158588,0.399511778891078,8,1.3566399549818372e-07,0.0,0.0,5.857627384439199e-07,8.551626180963968e-06,False,0.9999999999994879,1.4000584055222668e-17,-4.153477495471383e-17,-1.0121857016598507e-06,-1.3565946524447528e-16,1.789216777618861e-14,-8.551626180963968e-06,5.229462523233701e-07,2.6390377589239263e-07,5.592536473683586e-16,0.008404999999999743,0.0,0.7214597943185763,-2.0593157716819823e-05,-2.7466439188730965e-15,-3.0202242422701843e-18,-1.9004247389352662e-17,2.5951470529528595e-07
0.8504999999999617,1.1533662097953923e-07,1.4276515565916914e-07,1.1533662097953923e-07,0.015999870949076067,-0.0004999676235266319,0.0,0.00012088763655791888,False,0.7514601783646654,0.0,0.3353364082032833,0.4161237701613821,8,1.4139373183842032e-07,0.0,0.0,5.856166213640287e-07,8.551193372580969e-06,False,0.9999999999994436,1.189748327332243e-17,-2.5661176780254325e-17,-1.054943641444779e-06,-1.571239942727038e-15,8.497729766220547e-14,-8.551193372580969e-06,5.229520909946084e-07,2.635677099763682e-07,4.375994049342855e-16,0.008504999999999738,0.0,0.751458225475398,-2.138237069113281e-05,-1.093616591544256e-15,-2.8945321546796437e-18,1.204603001207152e-19,2.697768303114352e-07
0.8604999999999606,1.200102297989336e-07,1.4855048330666976e-07,1.200102297989336e-07,0.015999865719604888,-0.0004999663578662715,0.0,0.00012578739016979503,False,0.7814586093602814,0.0,0.3487228330082878,0.4327357763519936,8,1.4712347388795153e-07,0.0,0.0,5.854623848844045e-07,8.551791905350195e-06,False,0.9999999999993975,1.3153337017090839e-17,1.3811864720575261e-17,-1.0977020579766157e-06,1.8943661846446592e-16,-3.0146592888321456e-17,-8.551791905350195e-06,5.229467235091049e-07,2.63235500048201e-07,-4.152626770924618e-17,0.008604999999999734,0.0,0.7814566566266385,-2.2170605624197723e-05,4.706002623067968e-16,-4.0307101044608326e-18,-3.639013112763974e-18,2.8003881817289844e-07
0.8704999999999595,1.2468383192229537e-07,1.54335817192236e-07,1.2468383192229537e-07,0.01599986049013382,-0.0004999650955406252,0.0,0.0001306872007675212,False,0.8114570405113806,0.0,0.3621092433299442,0.4493477971814363,8,1.5285322155508886e-07,0.0,0.0,5.853129727451612e-07,8.551905097545675e-06,False,0.9999999999993496,1.3388708052435214e-17,5.992351945724971e-18,-1.1404609718038054e-06,-2.913653620448143e-17,-1.9933922953014587e-15,-8.551905097545675e-06,5.22945951836191e-07,2.6290455972066746e-07,-6.877924326175818e-17,0.00870499999999973,0.0,0.811455087793898,-2.295785520944435e-05,5.275735679550418e-16,-3.2012979017584155e-18,3.286873577451142e-18,2.9030132581067076e-07
0.8804999999999584,1.2935743721673165e-07,1.6012116129185405e-07,1.2935743721673165e-07,0.01599985526065595,-0.0004999638365116796,0.0,0.00013558704243850773,False,0.8414554720647779,0.0,0.3754956393631397,0.4659598327016382,8,1.585829791052382e-07,0.0,0.0,5.851755333171577e-07,8.551587020957807e-06,False,0.9999999999993001,1.2371323758372289e-17,-1.320471824647381e-17,-1.1832201567963446e-06,-1.2151099156336399e-15,-1.5350642810639878e-14,-8.551587020957807e-06,5.229566819737619e-07,2.625770621589281e-07,2.0915283926249188e-16,0.008804999999999726,0.0,0.8414535189544803,-2.374413176639487e-05,-1.0803676415913228e-15,-2.9894488631164887e-18,-8.868889141789386e-18,3.0056367922863806e-07
0.8904999999999573,1.3403102572251413e-07,1.6590649720704675e-07,1.3403102572251413e-07,0.01599985003119045,-0.0004999625807516888,0.0,0.0001404869220001005,False,0.8714539028517302,0.0,0.3888820201906678,0.48257188266106243,8,1.6431272806418547e-07,0.0,0.0,5.850218925834979e-07,8.552078355674551e-06,False,0.9999999999992487,1.1065036746021973e-17,-1.1231182152614928e-17,-1.2259796724467988e-06,-1.0328621420271299e-16,4.277859092119623e-15,-8.552078355674551e-06,5.229465423724572e-07,2.622547018123215e-07,1.7849492628228888e-16,0.008904999999999722,0.0,0.8714519501039011,-2.452946531050271e-05,-1.06394479505098e-15,-2.2940605393101553e-18,-2.6618337158194825e-18,3.1082604626651033e-07
0.9004999999999562,1.3870461687548463e-07,1.7169184936965953e-07,1.3870461687548463e-07,0.01599984480171538,-0.0004999613281999383,0.0,0.00014538686151765778,False,0.9014523340109822,0.0,0.40226838667355114,0.49918394733743104,8,1.700424926221923e-07,0.0,0.0,5.848773082085627e-07,8.55220097935146e-06,False,0.9999999999991954,9.749603659004656e-18,-6.54950103673697e-18,-1.268739711311744e-06,-2.2337851038874627e-17,3.790112455095842e-15,-8.55220097935146e-06,5.229456114055912e-07,2.619338717480548e-07,1.2383725863461534e-16,0.009004999999999718,0.0,0.9014503812683266,-2.5313854090110437e-05,-8.201931593279602e-16,-2.291647983501679e-18,-6.371502856647873e-18,3.2108882319333484e-07
0.9104999999999551,1.433782062902622e-07,1.7747719700464404e-07,1.433782062902622e-07,0.01599983957224332,-0.0004999600788567709,0.0,0.00015028678873587494,False,0.9314507651987148,0.0,0.4156547388297102,0.5157960263690047,8,1.7577225282429669e-07,0.0,0.0,5.847384529609926e-07,8.552250905672877e-06,False,0.9999999999991401,8.796634596407117e-18,-1.0809314729333527e-17,-1.3114996428446962e-06,-1.3465010103220313e-16,2.1304250846400194e-15,-8.552250905672877e-06,5.229471485359508e-07,2.6162059974194134e-07,1.5218209787585799e-16,0.009104999999999714,0.0,0.9314488124103776,-2.609730685163347e-05,-8.408456914070078e-16,-1.5201966271704007e-18,5.0600258136706494e-18,3.313507855145584e-07
0.920499999999954,1.4805177776799905e-07,1.8326256010642306e-07,1.4805177776799905e-07,0.01599983434277238,-0.0004999588326877706,0.0,0.00015518686318166788,False,0.9614491963465774,0.0,0.42904107610688735,0.5324081202396902,8,1.815020268587214e-07,0.0,0.0,5.845954322450472e-07,8.552341239158978e-06,False,0.9999999999990831,8.26120677893356e-18,-2.9245580667711375e-18,-1.35426085918062e-06,-2.5718932835878358e-17,1.5878538841330439e-15,-8.552341239158978e-06,5.229471766818643e-07,2.6130072675413766e-07,5.47754952613359e-17,0.00920499999999971,0.0,0.9614472435731743,-2.6879804069998122e-05,-3.616231259657296e-16,-1.9202752675440957e-18,-2.509514261882736e-18,3.416141418318214e-07
0.9304999999999529,1.527253595326461e-07,1.8904792953994276e-07,1.527253595326461e-07,0.01599982911329302,-0.0004999575896460535,0.0,0.00016008692020673987,False,0.9914476276706685,0.0,0.44242739926283176,0.5490202284078368,8,1.872318074422717e-07,0.0,0.0,5.844601808063844e-07,8.551987297813631e-06,False,0.9999999999990244,7.904049516957459e-18,-1.0037583749698098e-18,-1.3970219234920719e-06,-1.7568612924714668e-16,1.7492558627752441e-15,-8.551987297813631e-06,5.229509974020604e-07,2.6099033940822744e-07,2.4571935610987896e-17,0.009304999999999706,0.0,0.9914456747341813,-2.7661398259576205e-05,-1.6980932967218635e-16,-1.906894547494534e-18,-1.36008774120527e-18,3.518770315882122e-07
0.9404999999999518,1.5739892730848304e-07,1.948333009718639e-07,1.5739892730848304e-07,0.015999823883819538,-0.0004999563497610407,0.0,0.0001649870476705759,False,1.0214460586890635,0.0,0.45581370758216094,0.5656323511069027,8,1.9296158924970039e-07,0.0,0.0,5.843174795797225e-07,8.552420295377305e-06,False,0.9999999999989638,7.661967777187245e-18,-3.301166001998372e-19,-1.4397836024976981e-06,-1.6893794484951177e-17,-1.024207995651615e-17,-8.552420295377305e-06,5.229470456782411e-07,2.606785460270927e-07,3.8296300909487814e-18,0.009404999999999702,0.0,1.0214441058831163,-2.844205645855423e-05,-1.7485212346691765e-17,-1.808505386211865e-18,4.1225134816059107e-19,3.6213967047065593e-07
0.9504999999999507,1.6207249099037258e-07,2.0061867681692158e-07,1.6207249099037258e-07,0.015999818654345785,-0.0004999551129724059,0.0,0.00016988721261883394,False,1.051444489844819,0.0,0.46920000160181025,0.5822444882430088,8,1.9869137507419188e-07,0.0,0.0,5.841807923246068e-07,8.552494994031514e-06,False,0.9999999999989014,7.579120622451475e-18,-1.7230909086810286e-19,-1.4825456086166127e-06,-9.993539547419628e-18,1.163385029527098e-16,-8.552494994031514e-06,5.229472239229517e-07,2.6037165573902943e-07,3.4685907432971233e-18,0.009504999999999698,0.0,1.0514425370416167,-2.9221813111491743e-05,-2.4644632821790393e-17,-1.8157480063703187e-18,-2.291019505609931e-19,3.7240278634857467e-07
0.9604999999999496,1.66746058506001e-07,2.064040608602824e-07,1.66746058506001e-07,0.015999813424865884,-0.0004999538792327556,0.0,0.0001747873968315663,False,1.0814429210847178,0.0,0.4825862813756953,0.5988566397090225,8,2.044211689251832e-07,0.0,0.0,5.840487201487707e-07,8.552348810900603e-06,False,0.9999999999988372,7.846486336711846e-18,3.3732389234156836e-18,-1.5253077828497776e-06,1.513756269037732e-16,1.7065102367032128e-15,-8.552348810900603e-06,5.229500916952014e-07,2.600694313128662e-07,-4.157635931423443e-17,0.009604999999999694,0.0,1.0814409681579569,-3.0000679063195073e-05,2.4325651959652577e-16,-2.5799956524461343e-18,-1.078082130800937e-17,3.826648623973799e-07
0.9704999999999485,1.7141961803843198e-07,2.1218945070108908e-07,1.7141961803843198e-07,0.015999808195386964,-0.0004999526485185237,0.0,0.00017968764176841105,False,1.1114413521905075,0.0,0.4959725465867762,0.6154688056037313,8,2.1015096791544507e-07,0.0,0.0,5.839126924990391e-07,8.552664544625278e-06,False,0.999999999998771,8.074185635963058e-18,2.420222119375708e-18,-1.5680704870007876e-06,-7.041886376401388e-18,-9.677552489681779e-16,-8.552664544625278e-06,5.229466540431e-07,2.597707248452059e-07,-3.9494293531137037e-17,0.00970499999999969,0.0,1.1114393993509326,-3.077866926318705e-05,2.398998291112376e-16,-1.9691153241719934e-18,7.171040193286404e-19,3.929290191346362e-07
0.9804999999999474,1.760931705903357e-07,2.1797483711408217e-07,1.760931705903357e-07,0.01599980296591313,-0.0004999514207922277,0.0,0.00018458790236879562,False,1.1414397834929568,0.0,0.5093587982654201,0.6320809852275366,8,2.1588076333241553e-07,0.0,0.0,5.837850976619038e-07,8.551275718994907e-06,False,0.999999999998703,8.575855546497234e-18,5.822133295281866e-18,-1.6108333278419662e-06,1.2099824840885863e-15,1.7097090943381573e-14,-8.551275718994907e-06,5.229519876753931e-07,2.594730406775896e-07,-6.273142039314595e-17,0.009804999999999685,0.0,1.1414378305061503,-3.1555763849325654e-05,1.6125982629206405e-16,-1.984668758048146e-18,1.0954319321909646e-18,4.031923201878839e-07
0.9904999999999463,1.8076672498451574e-07,2.2376023568748682e-07,1.8076672498451574e-07,0.015999797736432186,-0.0004999501959811084,0.0,0.00018948820843595347,False,1.1714382145302311,0.0,0.5227450343545541,0.6486931801756769,8,2.2161057042291088e-07,0.0,0.0,5.836539428904474e-07,8.552886922364931e-06,False,0.9999999999986332,9.32838028010048e-18,4.87736689251513e-18,-1.6535965654555884e-06,4.3313742568517906e-17,-1.585208530824459e-15,-8.552886922364931e-06,5.229476368264516e-07,2.591866010988903e-07,-7.75259369999363e-17,0.009904999999999681,0.0,1.1714362616532286,-3.233205798901244e-05,4.694976348866321e-16,-2.371603026336092e-18,5.479862942987536e-20,4.1345541866044144e-07
1.0004999999999453,1.8544025999489566e-07,2.2954564161958846e-07,1.8544025999489566e-07,0.015999792506957135,-0.00049994897413182,0.0,0.00019438863239282198,False,1.201436645671749,0.0,0.5361312566233288,0.6653053890484201,8,2.2734038356350975e-07,0.0,0.0,5.83522340259039e-07,8.552902925015382e-06,False,0.9999999999985618,9.366948605691209e-18,2.7742636477341555e-19,-1.696360831851011e-06,-2.0421356613380696e-17,-1.464720348886928e-16,-8.552902925015382e-06,5.229476297940229e-07,2.5889012741740343e-07,-5.851499768042363e-18,0.010004999999999677,0.0,1.2014346928159543,-3.310742050432125e-05,4.044153856624794e-17,-2.2170779650090183e-18,3.1500707771362083e-19,4.237192272419848e-07
1.0104999999999442,1.9011380477176876e-07,2.353310535364861e-07,1.9011380477176876e-07,0.01599978727747409,-0.0004999477551753133,0.0,0.00019928903966008433,False,1.2314350769562459,0.0,0.5495174649454839,0.6819176120107617,8,2.3307020292077945e-07,0.0,0.0,5.833979534166004e-07,8.552644925623082e-06,False,0.9999999999984884,9.486221140953607e-18,1.3791693961475238e-18,-1.7391249526021408e-06,3.5054923648807426e-16,3.1902311431738994e-15,-8.552644925623082e-06,5.229505321638003e-07,2.5860377599771427e-07,-1.7773820529499278e-17,0.010104999999999673,0.0,1.2314331239744714,-3.3881961221189635e-05,6.746289242524637e-17,-2.172211948947335e-18,5.799184378138224e-19,4.339828181443622e-07
1.0204999999999431,1.947873445873327e-07,2.41116469817948e-07,1.947873445873327e-07,0.01599978204799122,-0.0004999465391028843,0.0,0.0002041894880174044,False,1.261433508016926,0.0,0.5629036588029138,0.6985298492140122,8,2.388000262154558e-07,0.0,0.0,5.832691050759979e-07,8.553086137618286e-06,False,0.999999999998413,9.59537685456787e-18,3.145885261340568e-18,-1.7818894319316657e-06,-1.2589029163101058e-17,-1.2354266480843699e-15,-8.553086137618286e-06,5.229468095947309e-07,2.583205049368858e-07,-5.059746300896738e-17,0.01020499999999967,0.0,1.2614315551238202,-3.4655667143537984e-05,3.037615030093892e-16,-2.3157139688436204e-18,8.61360847293866e-19,4.4424634956564883e-07
1.030499999999942,1.9946086673300334e-07,2.469018861514516e-07,1.9946086673300334e-07,0.015999776818517008,-0.0004999453258798419,0.0,0.0002090900144953841,False,1.291431939163531,0.0,0.576289838517116,0.715142100646415,8,2.4452984873563076e-07,0.0,0.0,5.831440660433411e-07,8.553097028381763e-06,False,0.9999999999983351,9.589021697693462e-18,3.4309080556713188e-18,-1.8246545929925484e-06,-3.4581284190934046e-17,-1.091959849471088e-17,-8.553097028381763e-06,5.229478255259366e-07,2.5803599272050244e-07,-5.098885869547408e-19,0.010304999999999665,0.0,1.2914299862787793,-3.542851623685242e-05,5.2450830900312e-18,-2.251090149047038e-18,-7.646481843779596e-19,4.5451011225818347e-07
1.0339999999999416,2.010966045733198e-07,2.4892678303009563e-07,2.010966045733198e-07,0.0159997749881979,-0.0004999449019055879,0.0,0.00021080518144208277,False,1.3019313900721907,0.0,0.5809749981213952,0.7209563919507955,8,2.4653528797251054e-07,0.0,0.0,5.831019899870346e-07,8.553206235488066e-06,False,0.9999999999983078,9.610442632061732e-18,2.7699732562535048e-18,-1.8396222482131583e-06,-6.455975500469635e-18,9.969261095728143e-18,-8.553206235488066e-06,5.229477044390648e-07,2.5794113504587105e-07,-2.1563924800730985e-20,0.010339999999999664,0.0,1.3019294371829127,-3.5698843548568815e-05,9.043712591032181e-19,-2.2963864333476865e-18,-6.629197223516687e-19,4.5810255395123923e-07
