time_s,left_depth_m,right_depth_m,insertion_depth_m,face_gap_m,offset_y_m,offset_z_m,orientation_error_deg,blades_fit,contact_force_n,other_contact_force_n,left_contact_force_n,right_contact_force_n,contact_count,max_penetration_m,speed_m_s,angular_speed_rad_s,valid_pose,relative_qw,relative_qx,relative_qy,relative_qz,velocity_wx_rad_s,velocity_wy_rad_s,velocity_wz_rad_s,velocity_x_m_s,velocity_y_m_s,velocity_z_m_s,target_travel_m,hold_s,holder_fx_n,holder_fy_n,holder_fz_n,holder_tx_nm,holder_ty_nm,holder_tz_nm
0.0,-0.005999999999999998,-0.005999999999999998,-0.005999999999999998,0.022,0.0,-0.0005000000000000004,0.0,False,0.0,0.0,0.0,0.0,0,0.0,0.0,0.0,False,1.0,0.0,0.0,0.0,0.0,0.0,0.0,0.0,0.0,0.0,0.0,0.0,0.0,0.0,0.0,0.0,0.0,0.0
0.010000000000000005,-0.005987941569894635,-0.005987941569894635,-0.005987941569894635,0.021987941569894635,1.6250416566069077e-39,-0.0005000000000000004,0.0,False,0.0,0.0,0.0,0.0,0,0.0,0.0027975815946882877,7.228014483236697e-17,False,1.0,2.981555974335137e-19,0.0,0.0,-8.502355781776902e-56,7.228014483236697e-17,4.936362655354968e-35,0.0027975815946882877,-3.978527618443244e-37,2.891205793294685e-19,0.0001,0.0,0.011129576266072576,1.8517807440510684e-36,-1.7347234759768117e-18,1.3253507958731563e-58,-1.4456028966473394e-19,-9.008416162724792e-38
0.020000000000000014,-0.005941939998739147,-0.005941939998739147,-0.005941939998739147,0.021941939998739148,1.4336685932208426e-38,-0.0005000000000000004,0.0,False,0.0,0.0,0.0,0.0,0,0.0,0.006051191590105339,7.228014483236697e-17,False,1.0,6.685913396993947e-19,0.0,0.0,-1.2586799344503734e-54,7.228014483236697e-17,1.6809721922980293e-34,0.006051191590105339,-8.84421937078474e-37,2.891205793294687e-19,0.0002000000000000002,0.0,0.007980587577363259,1.1120961589000988e-36,-1.7347234759768106e-18,2.4742370133305967e-57,-1.4456028966473394e-19,-3.289169185215716e-37
0.030000000000000023,-0.005869968536340701,-0.005869968536340701,-0.005869968536340701,0.0218699685363407,3.3638599709577616e-38,-0.0005000000000000004,0.0,False,0.0,0.0,0.0,0.0,0,0.0,0.008044108543855864,7.228014483236697e-17,False,1.0,1.0390270819652751e-18,0.0,0.0,-1.4679795467134823e-54,7.228014483236697e-17,2.3074748444665545e-34,0.008044108543855864,-1.636831503459847e-36,2.891205793294686e-19,0.00030000000000000046,0.0,0.004369473245169939,-2.310826810790896e-37,-1.7347234759768117e-18,2.952653409657916e-57,-1.4456028966473394e-19,-4.566971637367767e-37
0.04000000000000003,-0.005783501765481626,-0.005783501765481626,-0.005783501765481626,0.021783501765481626,5.006374808015356e-38,-0.0005000000000000004,0.0,False,0.0,0.0,0.0,0.0,0,0.0,0.009077588994994267,7.228014483236697e-17,False,1.0,1.4004278061271087e-18,0.0,0.0,5.6259369164538104e-55,7.228014483236697e-17,1.5350302372180121e-34,0.009077588994994267,-2.203005834025381e-36,2.891205793294688e-19,0.0004000000000000007,0.0,0.0021629266930802277,-2.1839145112720076e-36,-1.7347234759768144e-18,-6.961044941666957e-58,-1.4456028966473394e-19,-3.0581347028127057e-37
0.05000000000000004,-0.005689798303496283,-0.005689798303496283,-0.005689798303496283,0.021689798303496283,5.315103798062262e-38,-0.0005000000000000004,0.0,False,0.0,0.0,0.0,0.0,0,0.0,0.009576365575913843,7.228014483236697e-17,False,1.0,1.7708635483929885e-18,0.0,0.0,7.395992023490452e-55,7.228014483236697e-17,2.1725209184104524e-34,0.009576365575913843,-2.939971115167582e-36,2.891205793294686e-19,0.000500000000000001,0.0,0.001019724921987257,1.6528180499855244e-36,-1.7347234759768117e-18,-1.5318457187043458e-57,-1.4456028966473394e-19,-4.262284079451293e-37
0.060000000000000046,-0.005592667982025821,-0.005592667982025821,-0.005592667982025821,0.02159266798202582,6.340135241305152e-38,-0.0005000000000000004,0.0,False,0.0,0.0,0.0,0.0,0,0.0,0.00980837182558074,7.228014483236697e-17,False,1.0,2.132264272554826e-18,0.0,0.0,2.019602655040414e-55,7.228014483236697e-17,2.9885817064605195e-34,0.00980837182558074,-3.3631805971363744e-36,2.891205793294685e-19,0.0006000000000000012,0.0,0.00046824380899987417,1.2152942324988973e-36,-1.734723475976813e-18,-4.4714303982166775e-58,-1.4456028966473394e-19,-5.902483018335796e-37
0.07000000000000005,-0.0054939602051967094,-0.0054939602051967094,-0.0054939602051967094,0.02149396020519671,9.003388724798118e-38,-0.0005000000000000004,0.0,False,0.0,0.0,0.0,0.0,0,0.0,0.00991409492279263,7.228014483236697e-17,False,1.0,2.502700014820709e-18,0.0,0.0,-6.127910183251849e-54,7.228014483236697e-17,8.455081450026853e-34,0.00991409492279263,-5.6717763020115574e-36,2.89120579329469e-19,0.0007000000000000015,0.0,0.00021178473408564602,2.5945838375153734e-36,-1.734723475976814e-18,8.771986452999322e-57,-1.4456028966473394e-19,-1.2180379407983453e-36
0.08000000000000006,-0.005394537922409619,-0.005394537922409619,-0.005394537922409619,0.02139453792240962,1.6698071964909565e-37,-0.0005000000000000004,0.0,False,0.0,0.0,0.0,0.0,0,0.0,0.009961698312580888,7.228014483236697e-17,False,1.0,2.873135757086592e-18,0.0,0.0,-6.39379157264252e-54,7.228014483236697e-17,6.227549640664609e-34,0.009961698312580888,-6.256154391954162e-36,2.891205793294688e-19,0.0008000000000000018,0.0,9.493510476674821e-05,-7.915298965776278e-36,-2.602085213965219e-18,1.640336121515264e-56,-2.1684043449710093e-19,-1.6676274960471078e-36
0.09000000000000007,-0.005294795076851211,-0.005294795076851211,-0.005294795076851211,0.02129479507685121,1.6467169900829495e-37,-0.0005000000000000004,0.0,False,0.0,0.0,0.0,0.0,0,0.0,0.009982979397046052,7.228014483236697e-17,False,1.0,3.2435714993524753e-18,0.0,0.0,-7.478802005027853e-54,7.228014483236697e-17,1.0478875754891826e-33,0.009982979397046052,-1.0272744142511547e-35,2.891205793294688e-19,0.000900000000000002,0.0,4.23262029413396e-05,1.4052103820039627e-35,-1.7347234759768144e-18,1.0979369883374426e-56,-1.4456028966473394e-19,-2.064608386127458e-36
0.10000000000000007,-0.005194909235403746,-0.005194909235403746,-0.005194909235403746,0.021194909235403746,2.1731134721190613e-37,-0.0005000000000000004,0.0,False,0.0,0.0,0.0,0.0,0,0.0,0.009992451776638059,7.228014483236697e-17,False,1.0,3.614007241618355e-18,0.0,0.0,-2.0584936877622844e-54,7.228014483236697e-17,6.14789255023866e-34,0.009992451776638059,-9.634104557356034e-36,2.891205793294691e-19,0.0010000000000000022,0.0,1.8808586435367647e-05,-8.251519473560531e-36,-1.734723475976813e-18,4.6366863724551957e-57,-1.4456028966473394e-19,-1.2395876651234713e-36
0.11000000000000008,-0.005094959830098413,-0.005094959830098413,-0.005094959830098413,0.021094959830098414,1.96912393954088e-37,-0.0005000000000000004,0.0,False,0.0,0.0,0.0,0.0,0,0.0,0.00999665676968509,7.228014483236697e-17,False,1.0,3.984442983884231e-18,0.0,0.0,6.958526252315785e-54,7.228014483236697e-17,1.4814851860898162e-34,0.00999665676968509,-9.4669222630472e-36,2.891205793294691e-19,0.0011000000000000025,0.0,8.341029853170534e-06,-3.8902821322893004e-36,-1.734723475976813e-18,-1.2886885653551403e-56,-1.4456028966473394e-19,-2.982546772021249e-37
0.12000000000000009,-0.004994982230577177,-0.004994982230577177,-0.004994982230577177,0.020994982230577178,1.3858171159524083e-37,-0.0005000000000000004,0.0,False,0.0,0.0,0.0,0.0,0,0.0,0.009998520386923643,7.228014483236697e-17,False,1.0,4.345843708046061e-18,0.0,0.0,5.859010768111522e-54,7.228014483236697e-17,3.180874775733029e-34,0.009998520386923643,-8.648564040554485e-36,2.891205793294688e-19,0.0012000000000000027,0.0,3.6943440561432173e-06,1.033691288761561e-35,-1.734723475976813e-18,-1.2057498940596427e-56,-1.4456028966473394e-19,-6.118670043247891e-37
0.1300000000000001,-0.004894992141958172,-0.004894992141958172,-0.004894992141958172,0.020894992141958172,9.294472512947276e-38,-0.0005000000000000004,0.0,False,0.0,0.0,0.0,0.0,0,0.0,0.009999345485594004,7.228014483236697e-17,False,1.0,4.7162794503119366e-18,0.0,0.0,6.699889618958419e-54,7.228014483236697e-17,5.1201009149991e-34,0.009999345485594004,-7.55586781673762e-36,2.891205793294686e-19,0.001300000000000003,0.0,1.6349963632839026e-06,1.8756589643515926e-35,-1.7347234759768117e-18,-1.8242472213711417e-56,-1.4456028966473394e-19,-9.841682135517258e-37
0.1400000000000001,-0.004794996525649891,-0.004794996525649891,-0.004794996525649891,0.02079499652564989,2.68566196032214e-37,-0.0005000000000000004,0.0,False,0.0,0.0,0.0,0.0,0,0.0,0.009999710559506924,7.228014483236697e-17,False,1.0,5.0867151925778124e-18,0.0,0.0,-2.5949907374672563e-53,7.228014483236697e-17,2.1628502646687142e-33,0.009999710559506924,-1.1062598716669783e-35,2.891205793294692e-19,0.0014000000000000032,0.0,7.232465037906866e-07,-1.1834888349308851e-35,-1.7347234759768133e-18,5.21060699311522e-56,-1.4456028966473394e-19,-4.342325134645319e-36
0.1500000000000001,-0.004694998464032693,-0.004694998464032693,-0.004694998464032693,0.020694998464032693,3.970680813759489e-37,-0.0005000000000000004,0.0,False,0.0,0.0,0.0,0.0,0,0.0,0.009999872027117825,7.228014483236697e-17,False,1.0,5.4752209710517804e-18,0.0,0.0,-2.2521509317124163e-54,7.228014483236697e-17,8.074728741921978e-34,0.009999872027117825,-1.515356408544914e-35,2.891205793294692e-19,0.0015000000000000035,0.0,3.1983463445739435e-07,-2.0949068298063822e-35,-2.6020852139652214e-18,7.355271990657839e-57,-2.1684043449710093e-19,-2.4372838519443947e-36
0.16000000000000011,-0.004594999321017267,-0.004594999321017267,-0.004594999321017267,0.020594999321017268,2.4101599823215486e-37,-0.0005000000000000004,0.0,False,0.0,0.0,0.0,0.0,0,0.0,0.009999943424815359,7.228014483236697e-17,False,1.0,5.845656713317656e-18,0.0,0.0,2.359046439440077e-53,7.228014483236697e-17,-7.059170232295824e-34,0.009999943424815359,-1.2980880898042473e-35,2.8912057932946947e-19,0.0016000000000000038,0.0,1.414111242964422e-07,1.3880021373767572e-35,-1.7347234759768156e-18,-4.1266845108146695e-56,-1.4456028966473394e-19,5.167552627615525e-37
0.17000000000000012,-0.004494999699865578,-0.004494999699865578,-0.004494999699865578,0.02049499969986558,1.1796040614580413e-37,-0.0005000000000000004,0.0,False,0.0,0.0,0.0,0.0,0,0.0,0.009999974990643975,7.228014483236697e-17,False,1.0,6.207057437479486e-18,0.0,0.0,1.2479490358303841e-53,7.228014483236697e-17,2.3962955806460115e-34,0.009999974990643975,-9.619997589760725e-36,2.8912057932946947e-19,0.001700000000000004,0.0,6.2516010354563e-08,2.3003973746913763e-35,-1.734723475976815e-18,-2.575294031391275e-56,-1.4456028966473394e-19,-4.315658221825275e-37
0.18000000000000013,-0.004394999867333684,-0.004394999867333684,-0.004394999867333684,0.020394999867333685,1.105367405644568e-37,-0.0005000000000000004,0.0,False,0.0,0.0,0.0,0.0,0,0.0,0.009999988944982092,7.228014483236697e-17,False,1.0,6.5684581616413156e-18,0.0,0.0,7.172574671440849e-54,7.228014483236697e-17,5.642098470803738e-34,0.009999988944982092,-6.628069561544831e-36,2.8912057932946947e-19,0.0018000000000000043,0.0,2.763551314871604e-08,7.283509469196698e-36,-1.734723475976815e-18,-1.4624718836491824e-56,-1.4456028966473394e-19,-1.1097487958037042e-36
0.19000000000000014,-0.004294999941359467,-0.004294999941359467,-0.004294999941359467,0.020294999941359467,1.4398073933274378e-37,-0.0005000000000000004,0.0,False,0.0,0.0,0.0,0.0,0,0.0,0.00999999511342915,7.228014483236697e-17,False,1.0,6.929858885803145e-18,0.0,0.0,6.293081410701004e-54,7.228014483236697e-17,6.522518153230775e-34,0.00999999511342915,-6.960819041972628e-36,2.8912057932946947e-19,0.0019000000000000045,0.0,1.2215868046283607e-08,-1.2566213116352042e-36,-1.734723475976815e-18,-1.2555564084853783e-56,-1.4456028966473394e-19,-1.3015991275768014e-36
0.20000000000000015,-0.004194999974080269,-0.004194999974080269,-0.004194999974080269,0.02019499997408027,1.7303191486466976e-37,-0.0005000000000000004,0.0,False,0.0,0.0,0.0,0.0,0,0.0,0.009999997840061519,7.228014483236697e-17,False,1.0,7.29125960996499e-18,0.0,0.0,6.94487960501749e-54,7.228014483236697e-17,6.668270010406465e-34,0.009999997840061519,-8.326184965670434e-36,2.89120579329469e-19,0.0020000000000000026,0.0,5.399691423157993e-09,-2.008102816715713e-36,-1.734723475976815e-18,-1.3820650956308505e-56,-1.4456028966473394e-19,-1.332136849482857e-36
0.21000000000000016,-0.004094999988543284,-0.004094999988543284,-0.004094999988543284,0.020094999988543284,1.9201700953548935e-37,-0.0005000000000000004,0.0,False,0.0,0.0,0.0,0.0,0,0.0,0.009999999045284676,7.228014483236697e-17,False,1.0,7.652660334126835e-18,0.0,0.0,7.413370829868639e-54,7.228014483236697e-17,6.949678483883559e-34,0.009999999045284676,-9.500877978677942e-36,2.891205793294692e-19,0.0020999999999999986,0.0,2.386744489546455e-09,-6.591264353115462e-37,-1.734723475976815e-18,-1.4801557258669664e-56,-1.4456028966473394e-19,-1.3859281262433758e-36
0.22000000000000017,-0.00399499999493607,-0.00399499999493607,-0.00399499999493607,0.01999499999493607,2.0732115522001373e-37,-0.0005000000000000004,0.0,False,0.0,0.0,0.0,0.0,0,0.0,0.009999999578008529,7.228014483236697e-17,False,1.0,8.01406105828868e-18,0.0,0.0,7.496234608425701e-54,7.228014483236697e-17,7.43766343441176e-34,0.009999999578008529,-1.0385216276719172e-35,2.891205793294692e-19,0.0021999999999999945,0.0,1.0549649764879376e-09,9.91545491761174e-38,-1.734723475976814e-18,-1.499475132939184e-56,-1.4456028966473394e-19,-1.482125212993039e-36
0.23000000000000018,-0.0038949999977617167,-0.0038949999977617167,-0.0038949999977617167,0.019894999997761717,2.2295197859395422e-37,-0.0005000000000000004,0.0,False,0.0,0.0,0.0,0.0,0,0.0,0.009999999813477134,7.228014483236697e-17,False,1.0,8.375461782450525e-18,0.0,0.0,7.441052547485764e-54,7.228014483236697e-17,7.992190968909755e-34,0.009999999813477134,-1.1176025276180635e-35,2.891205793294692e-19,0.0022999999999999904,0.0,4.663014974148894e-10,1.7514213328610222e-37,-1.734723475976815e-18,-1.4888116188684682e-56,-1.4456028966473394e-19,-1.5928904351219734e-36
0.24000000000000019,-0.0037949999990106766,-0.0037949999990106766,-0.0037949999990106766,0.019794999999010677,2.3945827514957784e-37,-0.0005000000000000004,0.0,False,0.0,0.0,0.0,0.0,0,0.0,0.009999999917555819,7.228014483236697e-17,False,1.0,8.73686250661237e-18,0.0,0.0,7.399727631456081e-54,7.228014483236697e-17,8.535947623633825e-34,0.009999999917555819,-1.1981973345546569e-35,2.89120579329469e-19,0.0023999999999999863,0.0,2.061082762794264e-10,5.955278319321774e-38,-1.734723475976815e-18,-1.4801720839344846e-56,-1.4456028966473394e-19,-1.7018551617900355e-36
0.25000000000000017,-0.003694999999562725,-0.003694999999562725,-0.003694999999562725,0.019694999999562725,2.562956630721986e-37,-0.0005000000000000004,0.0,False,0.0,0.0,0.0,0.0,0,0.0,0.009999999963559244,7.228014483236697e-17,False,1.0,9.098263230774215e-18,0.0,0.0,7.39196117590123e-54,7.228014483236697e-17,9.061678884878633e-34,0.009999999963559244,-1.2813257106858354e-35,2.8912057932946947e-19,0.0024999999999999823,0.0,9.1101098886881e-11,-7.714593798473945e-39,-1.734723475976815e-18,-1.4783757756543011e-56,-1.4456028966473394e-19,-1.807125599965751e-36
0.2600000000000002,-0.0035949999998067285,-0.0035949999998067285,-0.0035949999998067285,0.01959499999980673,2.7310958787698416e-37,-0.0005000000000000004,0.0,False,0.0,0.0,0.0,0.0,0,0.0,0.00999999998389287,7.228014483236697e-17,False,1.0,9.45966395493606e-18,0.0,0.0,7.39662208054521e-54,7.228014483236697e-17,9.581392972701157e-34,0.00999999998389287,-1.3652998339702547e-35,2.89120579329469e-19,0.002599999999999978,0.0,4.026516620125875e-11,-1.5261976752779728e-38,-1.734723475976815e-18,-1.479272180218995e-56,-1.4456028966473394e-19,-1.9110823511603252e-36
0.2700000000000002,-0.0034949999999145803,-0.0034949999999145803,-0.0034949999999145803,0.01949499999991458,2.8984744218352086e-37,-0.0005000000000000004,0.0,False,0.0,0.0,0.0,0.0,0,0.0,0.009999999992880291,7.228014483236697e-17,False,1.0,9.821064679097905e-18,0.0,0.0,7.400264297479852e-54,7.228014483236697e-17,1.010195161989046e-33,0.009999999992880291,-1.4491552497436783e-35,2.891205793294692e-19,0.002699999999999974,0.0,1.7795931395170328e-11,-5.3725140045509196e-39,-1.734723475976814e-18,-1.4800325051248824e-56,-1.4456028966473394e-19,-2.015175823128497e-36
0.2800000000000002,-0.003394999999962258,-0.003394999999962258,-0.003394999999962258,0.01939499999996226,3.065555544773111e-37,-0.0005000000000000004,0.0,False,0.0,0.0,0.0,0.0,0,0.0,0.0099999999968527,7.228014483236697e-17,False,1.0,1.018246540325975e-17,0.0,0.0,7.40098886756614e-54,7.228014483236697e-17,1.0624081741885483e-33,0.0099999999968527,-1.532789786002742e-35,2.8912057932946947e-19,0.00279999999999997,0.0,7.867081985857283e-12,5.895196841827425e-40,-1.734723475976815e-18,-1.4801989025032344e-56,-1.4456028966473394e-19,-2.1195908406960762e-36
0.2900000000000002,-0.003294999999983332,-0.003294999999983332,-0.003294999999983332,0.019294999999983332,3.232652656245012e-37,-0.0005000000000000004,0.0,False,0.0,0.0,0.0,0.0,0,0.0,0.009999999998608653,7.228014483236697e-17,False,1.0,1.0543866127421595e-17,0.0,0.0,7.400596181640778e-54,7.228014483236697e-17,1.114675512513401e-33,0.009999999998608653,-1.6163479638745077e-35,2.891205793294692e-19,0.002899999999999966,0.0,3.47664952382587e-12,1.3287383338458187e-39,-1.734723475976815e-18,-1.4801237712180685e-56,-1.4456028966473394e-19,-2.2241241526344282e-36
0.3000000000000002,-0.003194999999992648,-0.003194999999992648,-0.003194999999992648,0.01919499999999265,3.899883348925725e-37,-0.0005000000000000004,0.0,False,0.0,0.0,0.0,0.0,0,0.0,0.009999999999384605,7.228014483236697e-17,False,1.0,1.090526685158344e-17,0.0,0.0,-1.0224058622383507e-53,7.228014483236697e-17,2.1667552231358283e-33,0.009999999999384605,-1.9664284951863797e-35,2.891205793294692e-19,0.002999999999999962,0.0,1.5371592887447605e-12,3.241332149129631e-36,-1.734723475976815e-18,1.9858192969381353e-56,-1.4456028966473394e-19,-4.32230202912089e-36
0.3100000000000002,-0.0030949999999967774,-0.0030949999999967774,-0.0030949999999967774,0.019094999999996778,7.609949697045958e-37,-0.0005000000000000004,0.0,False,0.0,0.0,0.0,0.0,0,0.0,0.009999999999727912,7.228014483236697e-17,False,1.0,1.1266667575745285e-17,0.0,0.0,-5.872419504408883e-53,7.228014483236697e-17,4.911545576079451e-33,0.009999999999727912,-3.280938554907972e-35,2.891205793294694e-19,0.003099999999999958,0.0,6.801642582487943e-13,-2.692245800242022e-35,-1.7347234759768156e-18,1.1665277224779137e-55,-1.4456028966473394e-19,-9.867569732210998e-36
0.32000000000000023,-0.002994999999998603,-0.002994999999998603,-0.002994999999998603,0.018994999999998603,1.1522260137106269e-36,-0.0005000000000000004,0.0,False,0.0,0.0,0.0,0.0,0,0.0,0.009999999999879848,7.228014483236697e-17,False,1.0,1.162806829990713e-17,0.0,0.0,-6.119916348859448e-53,7.228014483236697e-17,5.02668826182158e-33,0.009999999999879848,-4.947936126746044e-35,2.891205793294692e-19,0.0031999999999999537,0.0,3.0100921755149557e-13,-4.814843117938985e-35,-1.7347234759768167e-18,1.2338722968333807e-55,-1.4456028966473394e-19,-1.0137041515714276e-35
0.33000000000000024,-0.002894999999999405,-0.002894999999999405,-0.002894999999999405,0.018894999999999405,1.3326966708629336e-36,-0.0005000000000000004,0.0,False,0.0,0.0,0.0,0.0,0,0.0,0.009999999999946725,7.228014483236697e-17,False,1.0,1.1989469024068976e-17,0.0,0.0,-4.675368253355152e-53,7.228014483236697e-17,4.273199944529117e-33,0.009999999999946725,-6.164028642791041e-35,2.8912057932946923e-19,0.0032999999999999497,0.0,1.3040957203003245e-13,-3.1674126870189276e-35,-1.734723475976814e-18,9.464844735547233e-56,-1.4456028966473394e-19,-8.59965078086621e-36
0.34000000000000025,-0.002794999999999763,-0.002794999999999763,-0.002794999999999763,0.018794999999999763,1.4561014095179946e-36,-0.0005000000000000004,0.0,False,0.0,0.0,0.0,0.0,0,0.0,0.009999999999976195,7.228014483236697e-17,False,1.0,1.235086974823082e-17,0.0,0.0,-6.641411397618625e-53,7.228014483236697e-17,5.947937355438184e-33,0.009999999999976195,-7.31074337209172e-35,2.8912057932946923e-19,0.0033999999999999456,0.0,5.652422974122828e-14,-1.881456844170179e-35,-1.7347234759768136e-18,1.2109187057983419e-55,-1.4456028966473394e-19,-1.0073529163674797e-35
0.35000000000000026,-0.0026949999999999197,-0.0026949999999999197,-0.0026949999999999197,0.01869499999999992,1.529496973231787e-36,-0.0005000000000000004,0.0,False,0.0,0.0,0.0,0.0,0,0.0,0.009999999999989129,7.228014483236697e-17,False,1.0,1.2712270472392666e-17,0.0,0.0,-6.055536874237977e-53,7.228014483236697e-17,5.715457404299886e-33,0.009999999999989129,-7.794529684597797e-35,2.8912057932946923e-19,0.0034999999999999415,0.0,2.3502033652533783e-14,-1.2606408806936562e-35,-1.7347234759768136e-18,1.0842268726792121e-55,-1.4456028966473394e-19,-9.597108043610941e-36
0.36000000000000026,-0.0025949999999999897,-0.0025949999999999897,-0.0025949999999999897,0.01859499999999999,1.55105467809949e-36,-0.0005000000000000004,0.0,False,0.0,0.0,0.0,0.0,0,0.0,0.009999999999994857,7.228014483236697e-17,False,1.0,1.3073671196554511e-17,0.0,0.0,-5.85041419326932e-53,7.228014483236697e-17,5.6583701054598345e-33,0.009999999999994857,-8.031791880262452e-35,2.89120579329469e-19,0.0035999999999999375,0.0,1.0755285551056204e-14,-4.716708515384545e-36,-1.7347234759768163e-18,1.042194299328561e-55,-1.4456028966473394e-19,-9.46836784539259e-36
0.3700000000000003,-0.0024950000000000284,-0.0024950000000000284,-0.0024950000000000284,0.01849500000000003,1.540049803418836e-36,-0.0005000000000000004,0.0,False,0.0,0.0,0.0,0.0,0,0.0,0.009999999999997218,7.228014483236697e-17,False,1.0,1.3435071920716356e-17,0.0,0.0,-5.126995664927554e-53,7.228014483236697e-17,4.7826171580804326e-33,0.009999999999997218,-7.747919938537946e-35,2.89120579329469e-19,0.0036999999999999334,0.0,6.5780714209040525e-15,2.674048848054694e-36,-1.7347234759768167e-18,1.0246406823392467e-55,-1.4456028966473394e-19,-9.555073191258236e-36
0.3800000000000003,-0.002395000000000067,-0.002395000000000067,-0.002395000000000067,0.018395000000000068,1.558733635289174e-36,-0.0005000000000000004,0.0,False,0.0,0.0,0.0,0.0,0,0.0,0.009999999999999029,7.228014483236697e-17,False,1.0,1.3796472644878201e-17,0.0,0.0,-5.2561147612274195e-53,7.228014483236697e-17,4.8826789217536616e-33,0.009999999999999029,-7.764300396336713e-35,2.8912057932946894e-19,0.0037999999999999293,0.0,6.0645932720149176e-15,-2.1047031632693085e-36,-1.7347234759768167e-18,1.0561595114156773e-55,-1.4456028966473394e-19,-9.764019030010216e-36
0.3900000000000003,-0.0022950000000000574,-0.0022950000000000574,-0.0022950000000000574,0.018295000000000058,1.5682695745531228e-36,-0.0005000000000000004,0.0,False,0.0,0.0,0.0,0.0,0,0.0,0.009999999999999665,7.228014483236697e-17,False,1.0,1.415787336904002e-17,0.0,0.0,-5.205276402841021e-53,7.228014483236697e-17,4.928016187962746e-33,0.009999999999999665,-7.857599175571194e-35,2.891205793294694e-19,0.0038999999999999252,0.0,-2.8033131371785203e-15,8.29738043282508e-37,-1.7347234759768156e-18,1.0408775042719068e-55,-1.4456028966473394e-19,-9.849276132508597e-36
0.4000000000000003,-0.002195000000000072,-0.002195000000000072,-0.002195000000000072,0.018195000000000072,1.6120861546574222e-36,-0.0005000000000000004,0.0,False,0.0,0.0,0.0,0.0,0,0.0,0.009999999999999586,7.228014483236697e-17,False,1.0,1.4519274093201836e-17,0.0,0.0,-5.773314147445077e-53,7.228014483236697e-17,5.014931114010152e-33,0.009999999999999586,-7.892458244032909e-35,2.8912057932946923e-19,0.003999999999999921,0.0,4.163336342344337e-17,1.3110927274941743e-35,-1.7347234759768156e-18,1.2218700672087196e-55,-1.4456028966473394e-19,-1.1852288735624996e-35
0.4100000000000003,-0.002095000000000069,-0.002095000000000069,-0.002095000000000069,0.01809500000000007,1.6099609689029413e-36,-0.0005000000000000004,0.0,False,0.0,0.0,0.0,0.0,0,0.0,0.009999999999999636,7.228014483236697e-17,False,1.0,1.488067481736365e-17,0.0,0.0,-4.036879721243456e-53,7.228014483236697e-17,4.0370131082017916e-33,0.009999999999999636,-7.752184967766868e-35,2.8912057932946923e-19,0.004099999999999917,0.0,-2.914335439641036e-16,-2.173976805348294e-35,-1.7347234759768167e-18,8.912595016662876e-56,-1.4456028966473394e-19,-8.108936753473026e-36
0.4200000000000003,-0.00199500000000008,-0.00199500000000008,-0.00199500000000008,0.01799500000000008,1.0932249331752752e-36,-0.0005000000000000004,0.0,False,0.0,0.0,0.0,0.0,0,0.0,0.009999999999999544,7.228014483236697e-17,False,1.0,1.5242075541525464e-17,0.0,0.0,4.386158557626103e-53,7.228014483236697e-17,-6.347433802116956e-34,0.009999999999999544,-6.116550140706798e-35,2.8912057932946923e-19,0.004199999999999913,0.0,3.191891195797325e-16,5.454492852462016e-35,-1.734723475976815e-18,-7.782484130652319e-56,-1.4456028966473394e-19,-4.764462064126649e-37
0.4300000000000003,-0.0018950000000000806,-0.0018950000000000806,-0.0018950000000000806,0.01789500000000008,4.78604177831313e-37,-0.0005000000000000004,0.0,False,0.0,0.0,0.0,0.0,0,0.0,0.00999999999999957,7.228014483236697e-17,False,1.0,1.560347626568728e-17,0.0,0.0,4.578807542805144e-53,7.228014483236697e-17,-1.512910270608478e-34,0.00999999999999957,-3.922239637681426e-35,2.89120579329469e-19,0.004299999999999909,0.0,1.457167719820518e-16,9.245300577277484e-35,-1.7347234759768163e-18,-9.463573689311365e-56,-1.4456028966473394e-19,4.784889456545752e-37
0.44000000000000034,-0.0017950000000000813,-0.0017950000000000813,-0.0017950000000000813,0.01779500000000008,2.9302868163839404e-37,-0.0005000000000000004,0.0,False,0.0,0.0,0.0,0.0,0,0.0,0.009999999999999565,7.228014483236697e-17,False,1.0,1.5964876989849093e-17,0.0,0.0,2.1007689411391693e-53,7.228014483236697e-17,1.2133075420120545e-33,0.009999999999999565,-2.1612433634461988e-35,2.891205793294692e-19,0.004399999999999905,0.0,-2.123301534595612e-15,4.466206849813091e-35,-1.7347234759768156e-18,-4.36535049533163e-56,-1.4456028966473394e-19,-2.338937615152111e-36
0.45000000000000034,-0.0016950000000000957,-0.0016950000000000957,-0.0016950000000000957,0.017695000000000096,4.46583075979196e-37,-0.0005000000000000004,0.0,False,0.0,0.0,0.0,0.0,0,0.0,0.009999999999999586,7.228014483236697e-17,False,1.0,1.6326277714010907e-17,0.0,0.0,-2.179405164046449e-53,7.228014483236697e-17,3.620736702646549e-33,0.009999999999999586,-2.2781191334105733e-35,2.8912057932946947e-19,0.004499999999999901,0.0,5.551115123125783e-17,8.386932940954873e-36,-1.734723475976814e-18,4.227459503923661e-56,-1.4456028966473394e-19,-7.220765417449732e-36
0.46000000000000035,-0.0015950000000000894,-0.0015950000000000894,-0.0015950000000000894,0.01759500000000009,1.1927971288276216e-36,-0.0005000000000000004,0.0,False,0.0,0.0,0.0,0.0,0,0.0,0.009999999999999605,7.228014483236697e-17,False,1.0,1.668767843817272e-17,0.0,0.0,-1.0638753838142475e-52,7.228014483236697e-17,8.880411778171836e-33,0.009999999999999605,-5.073261563234122e-35,2.8912057932946923e-19,0.004599999999999897,0.0,-2.3939183968479938e-15,-4.336708156285443e-35,-1.734723475976814e-18,1.9878826472019484e-55,-1.4456028966473394e-19,-1.7835661441430415e-35
0.47000000000000036,-0.0014950000000000935,-0.0014950000000000935,-0.0014950000000000935,0.017495000000000094,1.851678475251284e-36,-0.0005000000000000004,0.0,False,0.0,0.0,0.0,0.0,0,0.0,0.009999999999999608,7.228014483236697e-17,False,1.0,1.7049079162334536e-17,0.0,0.0,-8.7871835205819e-53,7.228014483236697e-17,7.184570874931543e-33,0.009999999999999608,-7.613882991750217e-35,2.8912057932946923e-19,0.004699999999999893,0.0,-1.0408340855860843e-16,-1.0095841379899764e-34,-1.7347234759768163e-18,1.791865354556069e-55,-1.4456028966473394e-19,-1.4550302094462707e-35
0.48000000000000037,-0.0013950000000001045,-0.0013950000000001045,-0.0013950000000001045,0.017395000000000105,2.0091619792976804e-36,-0.0005000000000000004,0.0,False,0.0,0.0,0.0,0.0,0,0.0,0.009999999999999658,7.228014483236697e-17,False,1.0,1.741047988649635e-17,0.0,0.0,-6.343822820253232e-53,7.228014483236697e-17,5.969562563137406e-33,0.009999999999999658,-9.478667500066992e-35,2.8912057932946923e-19,0.0047999999999998886,0.0,1.8735013540549517e-15,-3.705495254891547e-35,-1.7347234759768167e-18,1.2827357698212757e-55,-1.4456028966473394e-19,-1.200230985010505e-35
0.4900000000000004,-0.0012950000000001016,-0.0012950000000001016,-0.0012950000000001016,0.017295000000000102,2.193273614027301e-36,-0.0005000000000000004,0.0,False,0.0,0.0,0.0,0.0,0,0.0,0.009999999999999558,7.228014483236697e-17,False,1.0,1.7771880610658164e-17,0.0,0.0,-9.541661210551934e-53,7.228014483236697e-17,7.745181328363384e-33,0.009999999999999558,-1.0483587881355556e-34,2.891205793294692e-19,0.0048999999999998845,0.0,-2.0816681711721685e-15,-2.8579320249993e-35,-1.7347234759768156e-18,1.9334626877402826e-55,-1.4456028966473394e-19,-1.5537900059389767e-35
0.5000000000000003,-0.0011950000000001092,-0.0011950000000001092,-0.0011950000000001092,0.01719500000000011,2.2814940458812672e-36,-0.0005000000000000004,0.0,False,0.0,0.0,0.0,0.0,0,0.0,0.009999999999999608,7.228014483236697e-17,False,1.0,1.8133281334819978e-17,0.0,0.0,-6.381913510456706e-53,7.228014483236697e-17,5.436217425769994e-33,0.009999999999999608,-1.0542359372179003e-34,2.8912057932946947e-19,0.00499999999999988,0.0,-1.0408340855860843e-16,-5.956060480289192e-35,-1.7347234759768156e-18,1.4491083315604384e-55,-1.4456028966473394e-19,-1.0977168471839108e-35
0.5104999999999992,-0.0010900000000001117,-0.0010900000000001117,-0.0010900000000001117,0.017090000000000112,1.3823903716335734e-36,-0.0005000000000000004,0.0,False,0.0,0.0,0.0,0.0,0,0.0,0.009999999999999603,7.228014483236697e-17,False,1.0,1.8512752095189883e-17,0.0,0.0,9.57684970174204e-53,7.228014483236697e-17,-2.3853792317083146e-33,0.009999999999999603,-8.326408471633033e-35,2.891205793294692e-19,0.005104999999999876,0.0,-2.3869795029440866e-15,7.200761791878605e-35,-1.734723475976814e-18,-1.9727755125742356e-55,-1.4456028966473394e-19,4.908920023526761e-36
0.5204999999999981,-0.0009900000000001193,-0.0009900000000001193,-0.0009900000000001193,0.01699000000000012,2.7286044364751267e-37,-0.0005000000000000004,0.0,False,0.0,0.0,0.0,0.0,0,0.0,0.009999999999999539,7.228014483236697e-17,False,1.0,1.8874152819351698e-17,0.0,0.0,1.0958589210626987e-52,7.228014483236697e-17,-3.6755501329586234e-33,0.009999999999999539,-3.609581423785307e-35,2.89120579329469e-19,0.005204999999999872,0.0,3.5388358909926865e-16,1.303798582539902e-34,-1.7347234759768167e-18,-2.109922157321514e-55,-1.4456028966473394e-19,7.597025962030832e-36
0.530499999999997,-0.0008900000000001233,-0.0008900000000001233,-0.0008900000000001233,0.016890000000000124,-3.861019695350988e-37,-0.0005000000000000004,0.0,False,0.0,0.0,0.0,0.0,0,0.0,0.009999999999999617,7.228014483236697e-17,False,1.0,1.9235553543513512e-17,0.0,0.0,1.0471429229406448e-52,7.228014483236697e-17,-3.08638835015659e-33,0.009999999999999617,4.05123743197034e-36,2.8912057932946947e-19,0.005304999999999868,0.0,-1.6653345369377348e-16,9.160374710496954e-35,-1.7347234759768156e-18,-2.0768971006720305e-55,-1.4456028966473394e-19,6.347115729690111e-36
0.5404999999999959,-0.0007900000000001274,-0.0007900000000001274,-0.0007900000000001274,0.016790000000000128,-6.885789609071389e-37,-0.0005000000000000004,0.0,False,0.0,0.0,0.0,0.0,0,0.0,0.009999999999999613,7.228014483236697e-17,False,1.0,1.9596954267675326e-17,0.0,0.0,9.972593764754712e-53,7.228014483236697e-17,-3.498725325050466e-33,0.009999999999999613,3.0121667674179e-35,2.89120579329469e-19,0.005404999999999864,0.0,-1.3877787807814457e-16,7.17437300988358e-35,-1.734723475976815e-18,-1.798685298693114e-55,-1.4456028966473394e-19,3.4314136011833955e-36
0.5504999999999948,-0.000690000000000135,-0.000690000000000135,-0.000690000000000135,0.016690000000000135,-6.6744059178504426e-37,-0.0005000000000000004,0.0,False,0.0,0.0,0.0,0.0,0,0.0,0.009999999999999554,7.228014483236697e-17,False,1.0,1.995835499183714e-17,0.0,0.0,7.559673075744762e-53,7.228014483236697e-17,-9.976354137720357e-34,0.009999999999999554,3.0269363858586075e-35,2.891205793294692e-19,0.00550499999999986,0.0,2.636779683484747e-16,2.2242819814834288e-35,-1.7347234759768156e-18,-1.5843881462316284e-55,-1.4456028966473394e-19,2.0415589142315222e-36
0.5604999999999937,-0.0005900000000001321,-0.0005900000000001321,-0.0005900000000001321,0.016590000000000132,-5.541024135962164e-37,-0.0005000000000000004,0.0,False,0.0,0.0,0.0,0.0,0,0.0,0.009999999999999636,7.228014483236697e-17,False,1.0,2.0319755715998955e-17,0.0,0.0,7.062656977219403e-53,7.228014483236697e-17,-9.659319003067017e-34,0.009999999999999636,2.914474609712087e-35,2.891205793294692e-19,0.005604999999999856,0.0,-2.914335439641036e-16,-7.412048766820796e-36,-1.7347234759768167e-18,-1.4137671689949942e-55,-1.4456028966473394e-19,1.9234044376116444e-36
0.5704999999999926,-0.0004900000000001431,-0.0004900000000001431,-0.0004900000000001431,0.016490000000000143,-4.920033414978092e-37,-0.0005000000000000004,0.0,False,0.0,0.0,0.0,0.0,0,0.0,0.009999999999999575,7.228014483236697e-17,False,1.0,2.068115644016077e-17,0.0,0.0,8.358920224867883e-53,7.228014483236697e-17,-1.1968012286982957e-33,0.009999999999999575,2.432952116955556e-35,2.8912057932946923e-19,0.005704999999999852,0.0,1.1102230246251565e-16,-4.5864720755846033e-35,-1.7347234759768156e-18,-1.7776432970214155e-55,-1.4456028966473394e-19,6.017864977621318e-36
0.5804999999999915,-0.0003900000000001472,-0.0003900000000001472,-0.0003900000000001472,0.016390000000000148,-2.6819889276079294e-37,-0.0005000000000000004,0.0,False,0.0,0.0,0.0,0.0,0,0.0,0.009999999999999579,7.228014483236697e-17,False,1.0,2.1042557164322583e-17,0.0,0.0,7.747848703627629e-54,7.228014483236697e-17,2.8047291781204737e-33,0.009999999999999579,1.2130458340112388e-35,2.8912057932946923e-19,0.005804999999999848,0.0,9.71445146547012e-17,1.732581228667203e-35,-1.7347234759768156e-18,-2.0111477716154292e-56,-1.4456028966473394e-19,-5.5722478219131805e-36
0.5904999999999904,-0.00029000000000014084,-0.00029000000000014084,-0.00029000000000014084,0.01629000000000014,4.146025740102394e-37,-0.0005000000000000004,0.0,False,0.0,0.0,0.0,0.0,0,0.0,0.009999999999999596,7.228014483236697e-17,False,1.0,2.1403957888484398e-17,0.0,0.0,-1.8196884456511732e-53,7.228014483236697e-17,3.9901701692555025e-33,0.009999999999999596,-6.214021964162687e-36,2.89120579329469e-19,0.0059049999999998435,0.0,-2.345346139520643e-15,-8.534704676767348e-35,-1.734723475976815e-18,3.906842326229644e-56,-1.4456028966473394e-19,-8.13267969782203e-36
0.6004999999999893,-0.00019000000000015532,-0.00019000000000015532,-0.00019000000000015532,0.016190000000000156,7.440761062961704e-37,-0.0005000000000000004,0.0,False,0.0,0.0,0.0,0.0,0,0.0,0.00999999999999955,7.228014483236697e-17,False,1.0,2.1765358612646212e-17,0.0,0.0,8.816518869420485e-54,7.228014483236697e-17,2.5701694395991145e-33,0.00999999999999955,-2.7743149365060975e-35,2.891205793294692e-19,0.0060049999999998395,0.0,2.914335439641036e-16,-5.965140611386099e-35,-1.7347234759768156e-18,-1.5504895735793737e-56,-1.4456028966473394e-19,-5.245240132686832e-36
0.6104999999999882,-9.000000000015593e-05,-9.000000000015593e-05,-9.000000000015593e-05,0.016090000000000156,7.631900664931413e-37,-0.0005000000000000004,0.0,False,0.0,0.0,0.0,0.0,0,0.0,0.009999999999999537,7.228014483236697e-17,False,1.0,2.2126759336808026e-17,0.0,0.0,2.0599250337946085e-53,7.228014483236697e-17,2.0408084586117125e-33,0.009999999999999537,-3.67538402985563e-35,2.891205793294694e-19,0.006104999999999835,0.0,-1.942890293094024e-15,-1.0084961492796155e-35,-1.734723475976814e-18,-4.076783188494527e-56,-1.4456028966473394e-19,-4.095010888334676e-36
0.6204999999999871,7.086587747801715e-06,7.086587747801715e-06,7.086587747801715e-06,0.015992913411628493,-1.2007841886330503e-19,-0.000499862666652473,0.0005059037506184585,False,0.18179152770762622,0.0,0.0908957638538054,0.09089576385382085,8,7.060981692500513e-06,0.0042102155943244115,0.0176593722929608,False,0.9999999999902546,2.193476520187979e-17,4.414843073225859e-06,-3.746896803544192e-18,-2.1412992906588713e-15,0.0176593722929608,-1.4987190406540252e-14,0.00417317923814884,-3.614887193027456e-19,0.0005572166517396321,0.006204999999999831,0.0,-1.915134717478395e-15,7.236673234901405e-36,-1.7347234759768156e-18,-4.138935769693585e-56,-1.4456028966473394e-19,-4.223996049603989e-36
0.630499999999986,1.3733957273075192e-06,1.3733957273075192e-06,1.3733957273075192e-06,0.015998626078888786,-4.360259787649983e-19,-0.0004959444437464683,0.01468304149000691,False,0.0908353525839217,0.0,0.04541767629196049,0.0454176762919612,8,6.302316384255144e-07,0.0006666720671915382,0.020555251727512564,False,0.9999999917908765,2.1114815718157387e-17,0.00012813370875315553,-5.347126453942518e-19,-8.901256483515771e-17,0.020555251727512564,3.384013071854261e-16,-0.0001333488353787962,-1.052753310363092e-17,0.0006531996121221732,0.006304999999999827,0.0,0.0920520864982267,1.9777921418667048e-16,-0.006300262732844597,-4.908505525040524e-18,-7.095571790653462e-05,-6.252608200344308e-19
0.6404999999999849,1.3918270646319508e-06,1.3918270646319508e-06,1.3918270646319508e-06,0.01599860650512597,-4.490186984079878e-19,-0.0004928013330266628,0.026160789867289015,False,0.12101571126323882,0.0,0.06050785563161903,0.06050785563161978,8,6.775916863084082e-08,0.000634592634498471,0.020010431167076494,False,0.9999999739404779,2.0722981535609944e-17,0.00022829595707018737,-3.0420092924261706e-20,-8.340870674958933e-17,0.020010431167076494,1.1541732783887016e-17,4.957958262335943e-05,-1.4337612591799547e-19,0.0006326528880409886,0.006404999999999823,0.0,0.12080123090321127,1.358873723822748e-16,-0.00805016311217887,-4.8092469283829245e-18,-9.357973193948609e-05,-2.689342188520773e-20
0.6504999999999838,1.959171094887552e-06,1.959171094887552e-06,1.959171094887552e-06,0.015998037359642694,-4.52899244002689e-19,-0.0004896599867917212,0.037730818173784535,False,0.15089079355505502,0.0,0.07544539677752723,0.07544539677752779,4,4.9571835598989386e-08,0.0006442836224520418,0.020361671513500733,False,0.9999999457927733,2.002512540490916e-17,0.00032926349735244,-7.69621262902763e-20,-1.1838316634755545e-16,0.020361671513500733,2.095498502637539e-17,6.000357783016052e-05,-1.634608998394528e-19,0.0006414834033765059,0.006504999999999819,0.0,0.15055994459120714,1.350200498049484e-16,-0.010013045387222235,-4.573417437704893e-18,-0.00011849198669500372,-1.7121219218178816e-20
0.6604999999999827,2.5628716911821336e-06,2.5628716911821336e-06,2.5628716911821336e-06,0.015997431160463642,-4.501643223676843e-19,-0.0004864884297808708,0.04948646438065528,False,0.18076904911000868,0.0,0.09038452455500393,0.09038452455500476,4,5.8401727576641566e-08,0.0006514824560578567,0.020644952060420385,False,0.9999999067524148,1.9444439070162484e-17,0.0004318508558836486,-4.158929302757118e-20,-1.1296449574828517e-16,0.020644952060420385,2.850400701622691e-18,6.142541124065411e-05,3.1908671343886977e-19,0.0006485802258819596,0.006604999999999815,0.0,0.18036849669459823,1.3232004713258171e-16,-0.011991672830635722,-4.439986931765249e-18,-0.00014367093736800064,1.7630892950744887e-20
0.6704999999999816,3.1749631965345693e-06,3.1749631965345693e-06,3.1749631965345693e-06,0.015996815854994833,-4.467842159425489e-19,-0.0004832974273722007,0.06138210506381558,False,0.2106450840733097,0.0,0.10532254203665448,0.10532254203665523,4,6.8604264921546e-08,0.0006564335228790028,0.020859367623185455,False,0.9999998565342297,1.8879115170196275e-17,0.0005356598919680451,-5.532482033381753e-20,-1.147076077308909e-16,0.020859367623185455,-1.465691094794977e-17,6.220789962376963e-05,2.7037651625536617e-19,0.000653479263009728,0.006704999999999811,0.0,0.210178295163445,1.316219900882127e-16,-0.013974703286822657,-4.303112711668179e-18,-0.00016900634160600547,5.1335564256186185e-20
0.6804999999999805,3.792620431583571e-06,3.792620431583571e-06,3.792620431583571e-06,0.01599619425473336,-4.423293489141118e-19,-0.0004800952515077034,0.0733879228185941,False,0.2405199123818504,0.0,0.12025995619092486,0.12025995619092553,4,7.88762239864204e-08,0.0006601608687131384,0.021035589568678733,False,0.9999997949244311,1.83222531496606e-17,0.0006404303984130923,-8.197916142877916e-20,-1.1003311556708544e-16,0.021035589568678733,-2.0513622459177674e-18,6.285854605248959e-05,6.56085005936252e-19,0.0006571614533493673,0.006804999999999807,0.0,0.23998680130205932,1.2828115176498637e-16,-0.015962954341475755,-4.176773036559501e-18,-0.00019449587513017705,3.6668261197744795e-20
0.6904999999999794,4.414969268961427e-06,4.414969268961427e-06,4.414969268961427e-06,0.015995567221012284,-4.364801664326264e-19,-0.00047688623534997143,0.0854882072383798,False,0.27039359591968803,0.0,0.1351967979598437,0.13519679795984435,4,8.915148706605075e-08,0.0006632666982767087,0.021192295477630883,False,0.9999997217231056,1.7789656067495888e-17,0.0007460252747679482,-1.0951892889182498e-19,-1.059380578182934e-16,0.021192295477630883,5.306656018600287e-18,6.345272415439548e-05,6.243322787796135e-19,0.0006602245563747783,0.006904999999999803,0.0,0.269793798080123,1.2631905845333017e-16,-0.017957419428329593,-4.0673247993399846e-18,-0.0002201440427546517,1.7394117009562936e-20
0.7004999999999783,5.041591191988493e-06,5.041591191988493e-06,5.041591191988493e-06,0.015994935159418106,-4.249160821071163e-19,-0.0004736725431346567,0.09767501168624905,False,0.3002661419998987,0.0,0.15013307099994902,0.15013307099994966,4,9.942668438819181e-08,0.0006660639274396494,0.021339218166450184,False,0.9999996367282167,1.72712728241774e-17,0.0008523751722098609,-3.416270070088443e-19,-1.075219960417113e-16,0.021339218166450184,-4.06965318613705e-17,6.401979129440787e-05,1.2815598975353985e-18,0.0006629801066087512,0.007004999999999799,0.0,0.29959922478119555,1.1413308592539557e-16,-0.019958669366136588,-3.9226793960208395e-18,-0.0002459537431168302,1.7381851873971736e-19
0.7104999999999771,5.672272997393757e-06,5.672272997393757e-06,5.672272997393757e-06,0.015994298269854525,-4.198807616053893e-19,-0.00047045522255817485,0.10994438502473028,False,0.330137551686938,0.0,0.1650687758434687,0.16506877584346927,4,1.0970163638399267e-07,0.0006687124383336936,0.021481330975616757,False,0.9999995397319551,1.6758257309248687e-17,0.0009594456091801997,-3.8386363016560962e-19,-1.0625426806273878e-16,0.021481330975616757,-1.762984570514715e-17,6.457429318824424e-05,5.796434438502815e-19,0.0006655873239789297,0.007104999999999795,0.0,0.3294030492791315,1.190057787840246e-16,-0.02196702290112473,-3.8209367813116115e-18,-0.00027192668965829924,1.2362894214100654e-19
0.720499999999976,6.306904759664084e-06,6.306904759664084e-06,6.306904759664084e-06,0.015993656648574155,-4.175423449372127e-19,-0.0004672347511084918,0.12229441550271412,False,0.36000782392578223,0.0,0.1800039119628908,0.18000391196289142,4,1.1997632957552582e-07,0.0006712938594038205,0.021621172131277424,False,0.9999994305206785,1.6280665127420702e-17,0.0010672199010755771,-5.342062014621551e-19,-9.417377594780453e-17,0.021621172131277424,-3.865614855735428e-17,6.51236532716561e-05,8.254661388453188e-19,0.0006681274994024938,0.0072049999999997906,0.0,0.3592052514056203,1.1649574694368106e-16,-0.023982668775819838,-3.7233956921982925e-18,-0.0002980639760066557,1.2011858945367945e-19
0.730499999999975,6.945429179436302e-06,6.945429179436302e-06,6.945429179436302e-06,0.01599301033888316,-4.2414262769674143e-19,-0.0004640113146938407,0.13472423310896375,False,0.3898769566304901,0.0,0.1949384783152447,0.1949384783152454,4,1.3025076107205974e-07,0.0006738499720802298,0.02176003981816585,False,0.9999993088757393,1.5791308050629268e-17,0.0011756904541384134,-1.7442732938062693e-19,-8.919809892328009e-17,0.02176003981816585,3.019360473541874e-17,6.567168421670443e-05,-1.4316208320697086e-18,0.0006706422405162591,0.0073049999999997865,0.0,0.3890058168783445,1.319021917202434e-16,-0.026005730159861126,-3.615775345458435e-18,-0.0003243663868234945,-6.243578456917637e-20
0.7404999999999738,7.5878158551367925e-06,7.5878158551367925e-06,7.5878158551367925e-06,0.015992359356924012,-4.222862748419602e-19,-0.00046078494955691107,0.14723350141846073,False,0.4197449471879565,0.0,0.20987247359397793,0.20987247359397856,4,1.4052492962722467e-07,0.0006764022492235551,0.02189860021102305,False,0.9999991745743336,1.5338690020506043e-17,0.0012848543309785766,1.707799746984772e-21,-9.510361699527308e-17,0.02189860021102305,1.0712925007681881e-17,6.622035580423959e-05,6.501881343314523e-19,0.0006731529300477301,0.007404999999999782,0.0,0.4188047343445063,1.255829082615879e-16,-0.028036297352337265,-3.4791332982127324e-18,-0.00035083455494147305,-1.3677365768657902e-19
0.7504999999999727,8.234048163597435e-06,8.234048163597435e-06,8.234048163597435e-06,0.015991703704836675,-4.165240709423358e-19,-0.00045755561466148675,0.15982215838823846,False,0.44961179271007534,0.0,0.22480589635503737,0.22480589635503798,4,1.5079883466080064e-07,0.0006789617942194178,0.02203719678187373,False,0.9999990273901563,1.4883575746455014e-17,0.0013947109885892627,-3.5383222676150063e-20,-8.493862022144434e-17,0.02203719678187373,5.417494107528794e-17,6.677069502464695e-05,7.669618429611517e-20,0.0006756706241176811,0.007504999999999778,0.0,0.448601993891168,1.2410880770899248e-16,-0.03007444429511715,-3.4016567788441876e-18,-0.00037746903978551875,-5.269174792226424e-20
0.7604999999999716,8.88411655588714e-06,8.88411655588714e-06,8.88411655588714e-06,0.015991043377490622,-4.0583470187760173e-19,-0.00045432322868513286,0.1724902838868345,False,0.4794774901609577,0.0,0.2397387450804786,0.2397387450804791,4,1.6107247589244522e-07,0.000681534405459199,0.02217600790909179,False,0.9999988670938349,1.444267182886046e-17,0.0015052611223223657,-2.3499446583195407e-19,-9.719782248533815e-17,0.02217600790909179,1.3146711073210104e-17,6.732324570212087e-05,5.318789565317253e-19,0.0006782010958504534,0.007604999999999774,0.0,0.4783975862903136,1.1671345618019542e-16,-0.03212023691837643,-3.258166290364123e-18,-0.00040427036648095114,3.917569697802546e-20
0.7704999999999705,9.538015124981036e-06,9.538015124981036e-06,9.538015124981036e-06,0.015990378365934605,-3.946984178742794e-19,-0.00045108768896164053,0.18523803186195864,False,0.5093420364194093,0.0,0.2546710182097044,0.2546710182097049,4,1.7134585316060152e-07,0.0006841231621645603,0.02231512735014728,False,0.9999986934532022,1.4008590594630932e-17,0.0016165060739386902,-4.2249748539625764e-19,-9.955114023737762e-17,0.02231512735014728,-2.6208430992074295e-17,6.787830364488977e-05,5.727320346199334e-19,0.0006807474105013764,0.00770499999999977,0.0,0.5081915026153739,1.1161271258963078e-16,-0.034173737366999,-3.1675382282127204e-18,-0.0004312390453959668,1.244455726771109e-19
0.7804999999999694,1.019573984551228e-05,1.019573984551228e-05,1.019573984551228e-05,0.015989708659167056,-3.9887898580213333e-19,-0.000447848881198018,0.19806559554360426,False,0.5392054283108284,0.0,0.2696027141554139,0.2696027141554145,4,1.8161896642040775e-07,0.0006867297474048985,0.022454605415081933,False,0.9999985062334557,1.3603170525419622e-17,0.001728447527946773,-1.9681930174859736e-19,-8.417831788282895e-17,0.022454605415081933,1.7297225595456742e-17,6.84360372475916e-05,2.595477633856495e-19,0.0006833112429754408,0.007804999999999766,0.0,0.5379837340453313,1.167953043764502e-16,-0.0362350061467359,-3.1179337359668334e-18,-0.0004583755819414522,5.01339054869703e-20
0.7904999999999683,1.085728766978683e-05,1.085728766978683e-05,1.085728766978683e-05,0.01598903424504536,-3.8605707784928285e-19,-0.0004446066844673441,0.21097318956616154,False,0.5690676626210578,0.0,0.28453383131052856,0.2845338313105291,4,1.9189181561770103e-07,0.000689355126425933,0.022594470076879966,False,0.9999983051972379,1.3207331819373112e-17,0.0018410873555878154,-3.616448354072671e-19,-7.415409125224999e-17,0.022594470076879966,-5.585463208645296e-17,6.899654945170961e-05,8.128671964895077e-19,0.0006858935533254936,0.007904999999999763,0.0,0.5677742717640563,1.0612418468339939e-16,-0.03830410321768383,-3.0106971479493455e-18,-0.0004856804815136102,1.5130369540492974e-19
0.8004999999999672,1.1522656063307768e-05,1.1522656063307768e-05,1.1522656063307768e-05,0.015988355110753076,-3.8433050719885264e-19,-0.0004413609737771995,0.2239610407737366,False,0.5989287361034188,0.0,0.29946436805170923,0.29946436805170956,4,2.0216440071627237e-07,0.0006919998951664872,0.022734737817779967,False,0.9999980901046821,1.2832296238009148e-17,0.0019544275345958696,-2.957212591758101e-19,-6.840445504031626e-17,0.022734737817779967,1.2781021559066314e-16,6.955990965583322e-05,-2.1376917943894485e-18,0.0006884949338078687,0.008004999999999759,0.0,0.5975631069081825,1.4028891296693858e-16,-0.04038108855413203,-2.9421384214227655e-18,-0.0005131542520118418,-3.515531784728808e-19
0.8104999999999661,1.2191842766240413e-05,1.2191842766240413e-05,1.2191842766240413e-05,0.015987671243038952,-3.801672945389456e-19,-0.0004381116213908465,0.23702938349127164,False,0.6287886454808502,0.0,0.3143943227404249,0.3143943227404254,4,2.1243672162819815e-07,0.0006946644596999923,0.02287541921374503,False,0.9999978607134178,1.2457718373451695e-17,0.002068470107929446,-2.333799816590242e-19,-8.088001714261686e-17,0.02287541921374503,3.098718323684987e-17,7.012617019530057e-05,3.6369222090213295e-19,0.0006911157875667593,0.008104999999999755,0.0,0.6273502305392048,1.0883571238093597e-16,-0.042466022433387256,-2.8326643806947624e-18,-0.000540797405144809,9.771173336832628e-20
0.820499999999965,1.286484567153065e-05,1.286484567153065e-05,1.286484567153065e-05,0.015986982628338732,-3.7649690911412423e-19,-0.00043485849750635186,0.2501784570973101,False,0.6586473874465872,0.0,0.3293236937232934,0.32932369372329384,4,2.2270877831861616e-07,0.0006973491288285207,0.023016521816243533,False,0.9999976167785705,1.2081048438422149e-17,0.0021832171625887557,-1.924105997921765e-19,-7.126020261229222e-17,0.023016521816243533,2.433526183147811e-17,7.069537483282815e-05,2.787998822193428e-19,0.0006937564208388579,0.00820499999999975,0.0,0.6571356336286621,1.122884399599232e-16,-0.04455896558666991,-2.7407858160801006e-18,-0.0005686104571311153,-3.081191609520667e-20
0.8304999999999639,1.3541662762916323e-05,1.3541662762916323e-05,1.3541662762916323e-05,0.01598628925283602,-3.7085642820064314e-19,-0.000431601470603421,0.2634085047856417,False,0.6885049586639714,0.0,0.3442524793319854,0.3442524793319861,4,2.3298057069436552e-07,0.0007000541619592585,0.023158051642116127,False,0.9999973580527434,1.170756428177635e-17,0.00229867081880785,-1.4597934118595867e-19,-8.518379235763595e-17,0.023158051642116127,8.705500538892805e-17,7.126756322430771e-05,2.2289066998591655e-19,0.0006964170906206632,0.008304999999999747,0.0,0.6869193070489902,1.0886587914720062e-16,-0.046659979279652236,-2.653995832879875e-18,-0.0005965939290956662,-6.972670533448111e-20
0.8404999999999628,1.4222292084222626e-05,1.4222292084222626e-05,1.4222292084222626e-05,0.01598559110249166,-3.4802069819707185e-19,-0.00042834040761838277,0.27671977294237315,False,0.7183613557639921,0.0,0.35918067788199576,0.35918067788199626,4,2.4325209856338363e-07,0.0007027797939218514,0.023300013946106046,False,0.9999970842859972,1.1354038412192557e-17,0.0024148332246173433,-6.518049863893651e-19,-7.43536423294803e-17,0.023300013946106046,-3.4528466783379e-17,7.184277316483308e-05,9.437771734989471e-19,0.0006990980293841675,0.008404999999999743,0.0,0.7167012415684427,8.94727847562099e-17,-0.04876912535731507,-2.584783721130211e-18,-0.0006247483473153807,2.1303818357518857e-19
0.8504999999999617,1.4906731725026351e-05,1.4906731725026351e-05,1.4906731725026351e-05,0.015984888163056654,-3.5404172526438563e-19,-0.00042507517403053696,0.29011251084237755,False,0.7482165753469286,0.0,0.37410828767346405,0.37410828767346455,4,2.535233618682493e-07,0.0007055262478709053,0.023442413622277947,False,0.9999967952258282,1.1014725379497581e-17,0.0025317065531942256,-4.823694963271124e-19,-6.326763098978183e-17,0.023442413622277947,3.254920522517321e-17,7.242104183416014e-05,4.470429846947752e-19,0.0007017994579183236,0.008504999999999738,0.0,0.7464814278468795,9.797212356343833e-17,-0.050886466270197515,-2.520012463216152e-18,-0.000653074243388667,1.6467435303924282e-19
0.8604999999999606,1.5594979814334553e-05,1.5594979814334553e-05,1.5594979814334553e-05,0.01598418042007659,-3.632016826396464e-19,-0.00042180563390151193,0.30358697051207006,False,0.7780706139788447,0.0,0.3890353069894258,0.3890353069894189,4,2.6379436046349436e-07,0.0007082937420092576,0.02358525541334801,False,0.9999964906171378,1.0689668425019954e-17,0.00264929300166311,-1.0024364698657523e-19,-6.410039191405824e-17,0.02358525541334801,-9.87301402222429e-17,7.300240639844687e-05,2.2381488940277192e-20,0.0007045215920250512,0.008604999999999734,0.0,0.7762598564329982,1.0860324957110182e-16,-0.05301206509157937,-2.4435949435046454e-18,-0.0006815721543680531,9.899748290383345e-20
0.8704999999999595,1.6287034518863708e-05,1.6287034518863708e-05,1.6287034518863708e-05,0.015983467858891556,-3.565965367029301e-19,-0.0004185316498906827,0.3171434066789481,False,0.8079234681908439,0.0,0.4039617340954216,0.40396173409542235,4,2.7406509410266564e-07,0.0007110824931065325,0.023728544020113037,False,0.9999961702022043,1.0360494439443538e-17,0.0027675947906546225,-3.341150607106563e-20,-6.15978500836048e-17,0.023728544020113037,-1.4626095251760278e-17,7.35869043683057e-05,2.5118016938643522e-19,0.0007072646460187952,0.00870499999999973,0.0,0.8060365177615445,1.0616852345468069e-16,-0.05514598552972766,-2.3548873250517976e-18,-0.0007102426228739551,5.280074150129829e-20
0.8804999999999584,1.6982894043643393e-05,1.6982894043643393e-05,1.6982894043643393e-05,0.015982750464633693,-3.5316050665991284e-19,-0.0004152530832578216,0.3307820767666849,False,0.8377751344786712,0.0,0.41888756723933546,0.41888756723933585,4,2.8433556259919027e-07,0.0007138927183546065,0.023872284159247897,False,0.9999958337206545,1.0048539672978225e-17,0.0028866141642613077,4.418064772875397e-21,-6.226677489032469e-17,0.023872284159247897,1.0270279390163328e-17,7.417457376055197e-05,9.49447270057231e-19,0.000710028834574463,0.008804999999999726,0.0,0.8358114021511074,9.991581190768643e-17,-0.05728829193780773,-2.2996201330765025e-18,-0.0007390861972002373,6.866267312075122e-20
0.8904999999999573,1.768255663401122e-05,1.768255663401122e-05,1.768255663401122e-05,0.015982028222223395,-3.471850845735467e-19,-0.0004119697938591016,0.34450324091437673,False,0.8676256093008322,0.0,0.4338128046504159,0.4338128046504164,4,2.9460576571944634e-07,0.0007167246363558418,0.024016480594038676,False,0.9999954809094361,9.743120496574196e-18,0.0030063533902042927,-1.0950081019310972e-21,-5.834896393881888e-17,0.024016480594038676,-8.887652091856361e-18,7.476545320312926e-05,1.0866023501943956e-18,0.0007128143737094141,0.008904999999999722,0.0,0.8655844998017403,9.902084711092516e-17,-0.059439049322582836,-2.2088865793655703e-18,-0.0007681034314161093,1.1517296832781993e-20
0.9004999999999562,1.8386020577722262e-05,1.8386020577722262e-05,1.8386020577722262e-05,0.01598130111636488,-3.4507557305847483e-19,-0.00040868164013943553,0.3583071620087417,False,0.8974748890776021,0.0,0.4487374445388007,0.44873744453880127,4,3.0487570319117e-07,0.0007195784676585901,0.02416113815101724,False,0.9999951115027796,9.43437257683651e-18,0.003126814760112924,-3.533727397833118e-20,-5.780845014110537e-17,0.02416113815101724,5.266067453097696e-17,7.53595820001134e-05,1.9333643109842025e-19,0.0007156214813144257,0.009004999999999718,0.0,0.8953558007925682,1.010984342947728e-16,-0.06159832335255527,-2.158218247024976e-18,-0.0007972948854668482,1.3507040477416144e-20
0.9104999999999551,1.909328420812012e-05,1.909328420812012e-05,1.909328420812012e-05,0.01598056913154128,-3.3898645608245627e-19,-0.0004053884791228729,0.3721941057233447,False,0.9273229701900338,0.0,0.46366148509501665,0.46366148509501726,4,3.1514537474002316e-07,0.0007224544350518831,0.02430626172914565,False,0.9999947252321729,9.138434019517467e-18,0.0032480005898657314,-2.601940075190125e-20,-5.169572037385106e-17,0.02430626172914565,1.1413839049275894e-17,7.595700015894784e-05,4.614253077198608e-19,0.0007184503774464797,0.009104999999999714,0.0,0.925125295079659,9.82831800004268e-17,-0.06376618036585333,-2.0782086715275035e-18,-0.0008266611252743019,5.585422162095491e-20
0.920499999999954,1.9804345906898613e-05,1.9804345906898613e-05,1.9804345906898613e-05,0.015979832252009593,-3.392848764601412e-19,-0.0004020901664016918,0.3861643405618623,False,0.9571698489785346,0.0,0.47858492448926704,0.47858492448926765,4,3.2541478002995005e-07,0.0007253527637386683,0.024451856305166643,False,0.9999943218263244,8.870297337229231e-18,0.003369913219966595,-7.465496776266925e-20,-4.871404205447579e-17,0.024451856305166643,5.380116510030129e-17,7.65577484248104e-05,-6.628478562224357e-19,0.0007213012844986815,0.00920499999999971,0.0,0.9548929724935704,1.0566322903586637e-16,-0.06594268737809093,-2.03485507646412e-18,-0.0008562027228381878,-8.010128938112455e-20
0.9304999999999529,2.0519204107442846e-05,2.0519204107442846e-05,2.0519204107442846e-05,0.01597909046179531,-3.4500388520307965e-19,-0.00039878655612526903,0.400218137903733,False,0.9870155217418872,0.0,0.4935077608709433,0.493507760870944,4,3.356839187280739e-07,0.0007282736814462374,0.024597926937065636,False,0.9999939010111318,8.555512499825028e-18,0.003492555015941719,-1.4323262596416319e-19,-5.045929131600803e-17,0.024597926937065636,-2.5915580216591174e-17,7.716186828561423e-05,-7.56724486989702e-19,0.0007241744273101124,0.009304999999999706,0.0,0.984658822737145,1.0643334101166536e-16,-0.06812791209013434,-1.8861962997684514e-18,-0.0008859202563385132,5.108659371731174e-20
0.9404999999999518,2.1237857297976004e-05,2.1237857297976004e-05,2.1237857297976004e-05,0.015978343744687054,-3.4761689620215535e-19,-0.00039547750098802015,0.41435577205142893,False,1.0168599847360724,0.0,0.5084299923680359,0.5084299923680365,4,3.459527904737043e-07,0.000731217418500079,0.024744478766326957,False,0.9999934625096467,8.300068083369047e-18,0.0036159283687507184,-1.1043719874357e-19,-6.566931050423983e-17,0.024744478766326957,4.005841845189385e-18,7.776940199666426e-05,-5.452041801717129e-19,0.0007270700332368273,0.009404999999999702,0.0,1.0144228353830462,1.0398332837056421e-16,-0.07032192289604425,-1.8423830497831233e-18,-0.0009158143102390581,7.100784932110272e-20
0.9504999999999507,2.196030402488655e-05,2.196030402488655e-05,2.196030402488655e-05,0.015977592084231062,-3.4198377759713e-19,-0.0003921628522174092,0.4285775202788642,False,1.0467032341731022,0.0,0.5233516170865509,0.5233516170865513,4,3.562213948505527e-07,0.000734184207882383,0.024891517019719044,False,0.9999930060420414,8.027727202508692e-18,0.003740035695207608,4.77470427034241e-21,-3.8814824769990805e-17,0.024891517019719044,1.2884743628871285e-17,7.83803926000746e-05,4.836359473691325e-19,0.0007299883322079472,0.009504999999999698,0.0,1.0441849998713886,9.994838108073321e-17,-0.07252478889102192,-1.8211703560966713e-18,-0.0009458854753922991,-1.0604339030106883e-19
0.9604999999999496,2.268654289610053e-05,2.268654289610053e-05,2.268654289610053e-05,0.01597683546372555,-3.3824493826357193e-19,-0.0003888424595613893,0.4428836628806927,False,1.0765452662200192,0.0,0.5382726331100094,0.5382726331100098,4,3.664897314577209e-07,0.0007371742852783655,0.025039047010754684,False,0.9999925313255726,7.784760793426162e-18,0.00386487943840952,-1.56353237615433e-20,-5.0898672086386056e-17,0.025039047010754684,-4.680190816093096e-18,7.89948839264493e-05,4.688399183555212e-19,0.0007329295567713966,0.009604999999999694,0.0,1.0739453055072914,9.904813678393942e-17,-0.07473657987948151,-1.793344732667676e-18,-0.0009761343491454524,-4.3855132162632854e-20
0.9704999999999485,2.3416572584349787e-05,2.3416572584349787e-05,2.3416572584349787e-05,0.01597607386621507,-3.3891393107466347e-19,-0.0003855161712759958,0.45727448322242337,False,1.1063860769967557,0.0,0.5531930384983776,0.5531930384983781,4,3.7675779976936426e-07,0.000740187889120996,0.025187074141063675,False,0.9999920380745446,7.557443226179418e-18,0.003990462068172526,-1.8029185768021746e-19,-5.0758550890621066e-17,0.025187074141063675,-7.960688668583712e-17,7.961292060758158e-05,3.0497011047380206e-19,0.000735893942136859,0.00970499999999969,0.0,1.1037037414584867,9.725231943888138e-17,-0.07695736638321768,-1.7399107238521815e-18,-0.0010065615354481327,1.2501419794173086e-19
0.9804999999999474,2.4150391830853046e-05,2.4150391830853046e-05,2.4150391830853046e-05,0.01597530727448464,-3.3742577660397227e-19,-0.00038218383411232904,0.4717502677913168,False,1.1362256625769593,0.0,0.5681128312884796,0.5681128312884798,4,3.8702559937502793e-07,0.000743225260634868,0.025335603901697475,False,0.9999915260002752,7.306480214458713e-18,0.00411678608147426,-1.399041532330714e-19,-3.7802474606005883e-17,0.025335603901697475,6.43697014405287e-17,8.023454810204456e-05,-6.75936296027819e-19,0.0007388817262164684,0.009804999999999685,0.0,1.1334602967526324,9.85640397223236e-17,-0.079187219649704,-1.7151380136628915e-18,-0.001037167644961505,-4.895114746213078e-20
0.9904999999999463,2.488799944855291e-05,2.488799944855291e-05,2.488799944855291e-05,0.015974535671053933,-3.41706133298085e-19,-0.00037884529330367567,0.4863113062479616,False,1.1660640189848979,0.0,0.5830320094924488,0.583032009492449,4,3.972931297234933e-07,0.0007462866438741448,0.025484641874298858,False,0.9999909948110548,7.057367633295137e-18,0.004243854002902431,-4.043821226695533e-20,-6.050529908382068e-17,0.025484641874298858,2.5683803016555428e-17,8.085981270468411e-05,1.9088774308929684e-19,0.0007418931496612555,0.009904999999999681,0.0,1.1632149602748587,1.0546234722153195e-16,-0.08142621166046161,-1.6167416442723882e-18,-0.0010679532951685627,-2.3104224978695545e-19
1.0004999999999453,2.5629394325675514e-05,2.5629394325675514e-05,2.5629394325675514e-05,0.015973759038171307,-3.3511122183018455e-19,-0.00037550039255222767,0.5009578914785837,False,1.195901142194984,0.0,0.5979505710974917,0.5979505710974922,4,4.0756039027532596e-07,0.0007493722857644809,0.025634193732422792,False,0.9999904442121088,6.830655190596935e-18,0.0043716683851097,-2.143667879756873e-20,-4.813318947064293e-17,0.025634193732422792,1.1687038971632669e-17,8.148876154720837e-05,7.780933820773591e-19,0.0007449284559025685,0.010004999999999677,0.0,1.1929677207651688,9.546606386327394e-17,-0.08367441513959412,-1.564530167458536e-18,-0.0010989191104862088,-1.0606330201699126e-20
1.0104999999999442,2.6374575429442826e-05,2.6374575429442826e-05,2.6374575429442826e-05,0.01597297735780778,-3.2742457271835362e-19,-0.000372148974015718,0.5156903196480652,False,1.2257370281306865,0.0,0.6128685140653432,0.6128685140653433,4,4.178273804507157e-07,0.0007524824361442648,0.025784265242742216,False,0.9999898739055628,6.6242014206569516e-18,0.00450023180927475,7.466375895493783e-20,-2.6195479911091394e-17,0.025784265242742216,1.3960466146327896e-16,8.212144262701059e-05,7.132048283027913e-19,0.0007479878911897345,0.010104999999999673,0.0,1.2227185668158305,9.568104632369571e-17,-0.08593190356240549,-1.5504840234680789e-18,-0.0011300657223787178,-1.7947728283380287e-19
1.0204999999999431,2.712354180942761e-05,2.712354180942761e-05,2.712354180942761e-05,0.015972190611650883,-3.198656910450276e-19,-0.00036879087829384816,0.5305088902536934,False,1.2555716726629984,0.0,0.627785836331499,0.6277858363314994,4,4.280940996392505e-07,0.0007556173478072343,0.025934862266380688,False,0.9999892835903967,6.399966761194131e-18,0.004629546885569647,-1.9862209188746273e-20,-2.6018029174276425e-17,0.025934862266380688,-5.039773657796571e-17,8.275790481210887e-05,9.037047660123979e-19,0.0007510717046316875,0.01020499999999967,0.0,1.2524674868686052,9.225940892899868e-17,-0.08819875116412482,-1.501146566544105e-18,-0.0011613937694727834,5.316065164088668e-20
1.030499999999942,2.7876292601331648e-05,2.7876292601331648e-05,2.7876292601331648e-05,0.015971398781098448,-3.1374818860436914e-19,-0.0003654259444143826,0.5454139061796484,False,1.2854050716094012,0.0,0.6427025358047004,0.6427025358047008,4,4.383605471939786e-07,0.0007587772765421801,0.026085990760098102,False,0.9999886729624081,6.2505052540014354e-18,0.004759616253633657,2.208565676428262e-20,-1.0865072846973457e-17,0.026085990760098102,-4.103837268857202e-17,8.339819786021044e-05,8.437705282787998e-19,0.0007541801482341187,0.010304999999999665,0.0,1.2822144692120983,8.748734918035896e-17,-0.09047503294885093,-1.453788049279268e-18,-0.0011929038976740683,6.115851643908776e-20
1.0339999999999416,2.8140649299703696e-05,2.8140649299703696e-05,2.8140649299703696e-05,0.015971120435728334,-3.13184280651882e-19,-0.0003642465720063992,0.5506511410455273,False,1.2958464661884528,0.0,0.6479232330942262,0.6479232330942265,4,4.4195373953594376e-07,0.000759889209689864,0.026139012410086315,False,0.9999884543869124,6.148192207442462e-18,0.0048053192270164765,-1.4720407543762145e-20,-8.904984834591676e-17,0.026139012410086315,5.298698080370321e-17,8.362321481669289e-05,6.084914839889932e-20,0.0007552739694619479,0.010339999999999664,0.0,1.292625453057047,9.264080536361264e-17,-0.09127397440005378,-1.3739967837142436e-18,-0.0012039755798830874,7.124821780243016e-20
